Mouse ID,Date,Weight,Baited Arms Retrieved,Reference Memory Errors,Working Memory Errors,Other Notes,Start Time,End Time,Video Length,File,FPS,Location_Thresh,Use_Window,Window_Weight,Window_Size,Start_Frame,bin,range(f),Distance,Center,ArmA,ArmB,ArmC,ArmD,ArmE,ArmF,ArmG,ArmH
85,7/1/2019,16,4,7,5,"Retrieved bait in arm A,C,F,D",,,,,,,,,,,,,,,,,,,,,,
86,7/1/2019,15,4,38,24,"Did not seem interested in bait at beginning.  Passed up multiple rewards.  Eventually retrieved bait from arm A,D,C,F",,,,,,,,,,,,,,,,,,,,,,
91,7/1/2019,18,4,3,1,"Retrieved bait from arm F,A,C,D",,,,,,,,,,,,,,,,,,,,,,
78,7/1/2019,21,4,14,13,"Retrieved bait in D,C,F,A",,,,,,,,,,,,,,,,,,,,,,
82,7/1/2019,21,4,15,4,"Retrieved bait from arm D,F,H,B",,,,,,,,,,,,,,,,,,,,,,
83,7/1/2019,21,4,9,15,"Retrieved bait from arm D,H,B,F",,,,,,,,,,,,,,,,,,,,,,
81,7/1/2019,22,4,11,16,"Retrieved bait from arm F,H,D,B",,,,,,,,,,,,,,,,,,,,,,
84,7/1/2019,21,3,20,12,"Retrieved bait from arm D,F,B",,,,,,,,,,,,,,,,,,,,,,
79,7/1/2019,22,4,0,1,"Retrieved bait from D,F,A,C",,,,,,,,,,,,,,,,,,,,,,
87,7/1/2019,16,0,47,38,"Spent several minutes exploring, not interested in food. Picked up bait but did not eat it. Did not retreive any bait.",,,,,,,,,,,,,,,,,,,,,,
98,7/1/2019,21,4,1,2,"Retrieved bait from D,A,C,F",,,,,,,,,,,,,,,,,,,,,,
90,7/1/2019,21,4,2,5,"Retrieved bait from arm D,F,A,C",,,,,,,,,,,,,,,,,,,,,,
80,7/1/2019,21,4,13,14,"Retrieved bait in C,F,A,D",,,,,,,,,,,,,,,,,,,,,,
90,7/2/2019,20,4,6,3,"Retrieved bait from A,C,F,D",,,,,,,,,,,,,,,,,,,,,,
81,7/2/2019,21,4,3,3,"Retrieved bait from arm D,F,B,H",,,,,,,,,,,,,,,,,,,,,,
79,7/2/2019,23,4,9,4,"Retrieved bait from D,C,A,F",,,,,,,,,,,,,,,,,,,,,,
85,7/2/2019,14,4,12,9,"Retrieved bait from arm D,A,F,C",,,,,,,,,,,,,,,,,,,,,,
82,7/2/2019,21,4,16,5,"Retrieved bait from H,B,D,F",,,,,,,,,,,,,,,,,,,,,,
86,7/2/2019,14,4,3,0,"Retrieved bait from arm C,A,F,D",,,,,,,,,,,,,,,,,,,,,,
80,7/2/2019,22,4,7,2,"Retrieved bait from D,A,C,F",,,,,,,,,,,,,,,,,,,,,,
98,7/2/2019,20,4,6,3,"Retrieved bait from arm C,A,D,F",,,,,,,,,,,,,,,,,,,,,,
87,7/2/2019,15,4,11,4,"Visited several baited arms without retreiving bait.  Eventually retrieved A,C,D,F",,,,,,,,,,,,,,,,,,,,,,
78,7/2/2019,22,4,5,2,"Retrieved bait from A,D,C,F",,,,,,,,,,,,,,,,,,,,,,
83,7/2/2019,21,4,6,2,"Retrieved bait from arm B,F,D,H",,,,,,,,,,,,,,,,,,,,,,
84,7/2/2019,20,4,4,1,"Retrieved bait from arm D,B,F,H",,,,,,,,,,,,,,,,,,,,,,
78,7/3/2019,22,4,5,3,"Retrieved bait from arm D,A,C,F",,,,,,,,,,,,,,,,,,,,,,
79,7/3/2019,22,4,4,7,,,,,,,,,,,,,,,,,,,,,,,
80,7/3/2019,21,4,4,0,"Retrieved bait from arm F,D,A,C",,,,,,,,,,,,,,,,,,,,,,
87,7/5/2019,17,4,6,2,"Retrieved bait from arm D,A,C,F",,,,,,,,,,,,,,,,,,,,,,
90,7/5/2019,23,4,3,0,"Retrieved bait from arm A,C,D,F",,,,,,,,,,,,,,,,,,,,,,
80,7/5/2019,23,4,6,2,"Retrieved bait from arm D,A,C,F",,,,,,,,,,,,,,,,,,,,,,
79,7/5/2019,24,4,2,1,"Retrieved bait from arm D,A,C,F",,,,,,,,,,,,,,,,,,,,,,
81,7/5/2019,24,4,0,2,"Retrieved bait from arm D,B,H,F",,,,,,,,,,,,,,,,,,,,,,
86,7/5/2019,17,4,16,7,"Retrieved bait from arm D,A,C,F",,,,,,,,,,,,,,,,,,,,,,
84,7/5/2019,21,4,13,5,"Retrieved bait from arm D,F,H,B",,,,,,,,,,,,,,,,,,,,,,
85,7/5/2019,18,4,6,3,"Retrieved bait from arm A, D, F, C",,,,,,,,,,,,,,,,,,,,,,
78,7/5/2019,23,4,12,0,"Retrieved bait from arm A,D,F,C",,,,,,,,,,,,,,,,,,,,,,
82,7/5/2019,22,4,7,4,"Retrieved bait from arm H,F,D,B",,,,,,,,,,,,,,,,,,,,,,
83,7/5/2019,23,4,3,2,"Retrieved bait from arm B,H,F,D",,,,,,,,,,,,,,,,,,,,,,
98,7/5/2019,22,4,9,1,"Retrieved bait from arm A,C,D,F",,,,,,,,,,,,,,,,,,,,,,
98,7/8/2019,20,4,2,0,"Retrieved bait from arm C,F,D,A",,,,,,,,,,,,,,,,,,,,,,
83,7/8/2019,21,4,2,0,"Retrieved bait from arm B,F,D,H",,,,,,,,,,,,,,,,,,,,,,
85,7/8/2019,16,4,4,1,"Retrieved bait from arm C,A,F,D",,,,,,,,,,,,,,,,,,,,,,
82,7/8/2019,20,4,4,1,"Retrieved bait from arm H,D,B,F",,,,,,,,,,,,,,,,,,,,,,
84,7/8/2019,20,4,1,0,"Retrieved bait from arm D,B,H,F",,,,,,,,,,,,,,,,,,,,,,
80,7/8/2019,20,4,2,4,"Retrieved bait from arm C,F,A,D",,,,,,,,,,,,,,,,,,,,,,
79,7/8/2019,21,4,3,0,"Retrieved bait from arm A,C,D,F",,,,,,,,,,,,,,,,,,,,,,
86,7/8/2019,16,4,8,1,"Retrieved bait from arm A,F,D,C",,,,,,,,,,,,,,,,,,,,,,
81,7/8/2019,21,4,0,1,"Retrieved bait from arm B,F,D,H",,,,,,,,,,,,,,,,,,,,,,
78,7/8/2019,20,4,13,5,"Retrieved bait from arm C,A,D",,,,,,,,,,,,,,,,,,,,,,
90,7/8/2019,20,4,8,4,"Retrieved bait from arm C,D,F,A",,,,,,,,,,,,,,,,,,,,,,
87,7/8/2019,15,4,13,7,"Retrieved bait from arm A,C,D,F",,,,,,,,,,,,,,,,,,,,,,
81,7/10/2019,22,4,10,7,"Retrieved bait from arm D, B, H, F",,,,,,,,,,,,,,,,,,,,,,
84,7/10/2019,19,4,5,1,"Retrieved bait from arm H, B, F, D",,,,,,,,,,,,,,,,,,,,,,
82,7/10/2019,20,4,3,1,"Retrieved bait from arm D, B, F, H",,,,,,,,,,,,,,,,,,,,,,
78,7/10/2019,20,4,2,0,"Retrieved bait from arm D, F, A, C",,,,,,,,,,,,,,,,,,,,,,
90,7/10/2019,20,4,4,0,"Retrieved bait from arm D, C, A, F",,,,,,,,,,,,,,,,,,,,,,
87,7/10/2019,16,4,9,2,"Retrieved bait from arm F, C, A, D",,,,,,,,,,,,,,,,,,,,,,
80,7/10/2019,21,4,2,0,"Retrieved bait from arm F, C, D, A",,,,,,,,,,,,,,,,,,,,,,
83,7/10/2019,21,4,3,1,"Retrieved bait from arm F, D, B, H",,,,,,,,,,,,,,,,,,,,,,
85,7/10/2019,16,4,4,0,"Retrieved bait from arm D, F, C, A",,,,,,,,,,,,,,,,,,,,,,
79,7/10/2019,19,4,13,3,"Retrieved bait from arm F, D, C, A",,,,,,,,,,,,,,,,,,,,,,
86,7/10/2019,15,4,4,0,"Retrieved bait from arm F,C, A, D",,,,,,,,,,,,,,,,,,,,,,
98,7/10/2019,20,4,5,0,"Retrieved bait from arm A, D, F, C",,,,,,,,,,,,,,,,,,,,,,
98,7/11/2019,21,4,4,0,"Retrieved bait from arm D, C, A, F",,,,,,,,,,,,,,,,,,,,,,
90,7/11/2019,20,4,2,0,"Retrieved bait from arm F, D, C, A",,,,,,,,,,,,,,,,,,,,,,
86,7/11/2019,16,4,10,3,"Retrieved bait from arm F,C, D, A",,,,,,,,,,,,,,,,,,,,,,
84,7/11/2019,20,4,2,1,"Retrieved bait from arm D, B, F, H",,,,,,,,,,,,,,,,,,,,,,
78,7/11/2019,20,4,3,2,"Retrieved bait from arm C, D, A, F",,,,,,,,,,,,,,,,,,,,,,
80,7/11/2019,20,4,4,2,"Retrieved bait from arm F,C, A, D",,,,,,,,,,,,,,,,,,,,,,
87,7/11/2019,16,4,7,4,"Retrieved bait from arm D, F, A, C",,,,,,,,,,,,,,,,,,,,,,
83,7/11/2019,21,4,5,2,"Retrieved bait from arm F, B, H, D",,,,,,,,,,,,,,,,,,,,,,
81,7/11/2019,22,4,4,1,"Retrieved bait from arm B, D, H, F",,,,,,,,,,,,,,,,,,,,,,
79,7/11/2019,20,4,0,0,"Retrieved bait from arm A, C, F, D",,,,,,,,,,,,,,,,,,,,,,
85,7/11/2019,17,4,1,1,"Retrieved bait from arm D, C, F, A",,,,,,,,,,,,,,,,,,,,,,
82,7/11/2019,21,4,5,3,"Retrieved bait from arm H, F, D, B",,,,,,,,,,,,,,,,,,,,,,
81,7/12/2019,21,4,5,2,"Retrieved bait from F,H,B,D",,,,,,,,,,,,,,,,,,,,,,
79,7/12/2019,20,4,11,2,"Retrieved bait from A,D,F,C",,,,,,,,,,,,,,,,,,,,,,
86,7/12/2019,16,4,7,2,"Retrieved bait from D,C,F,A",,,,,,,,,,,,,,,,,,,,,,
80,7/12/2019,21,4,3,0,"Retrieved bait from F,D,C,A",,,,,,,,,,,,,,,,,,,,,,
82,7/12/2019,20,4,4,0,"Retrieved bait from B,D, F,H",,,,,,,,,,,,,,,,,,,,,,
98,7/12/2019,20,4,2,3,"Retrieved bait from C,A,F,D",,,,,,,,,,,,,,,,,,,,,,
78,7/12/2019,20,4,7,1,"Retrieved bait from C,A,F,D",,,,,,,,,,,,,,,,,,,,,,
84,7/12/2019,19,4,1,0,"Retrieved bait from H,F,D,B",,,,,,,,,,,,,,,,,,,,,,
90,7/12/2019,20,4,4,0,"Retrieved bait from C,A,F,D",,,,,,,,,,,,,,,,,,,,,,
85,7/12/2019,16,4,10,2,"Retrieved bait from D,A,F,C",,,,,,,,,,,,,,,,,,,,,,
83,7/12/2019,20,4,2,0,"Retrieved bait from B,D,F,H",,,,,,,,,,,,,,,,,,,,,,
87,7/12/2019,16,4,9,2,"Retrieved bait from C,F,D,A",,,,,,,,,,,,,,,,,,,,,,
79,7/13/2019,19,4,4,3,"Retrieved bait from arm C,A,F,D",,,,,,,,,,,,,,,,,,,,,,
78,7/13/2019,20,4,6,1,"Retrieved bait from arm F,D,C,A",,,,,,,,,,,,,,,,,,,,,,
85,7/13/2019,16,4,1,1,"Retrieved bait from arm A,F,D,C",,,,,,,,,,,,,,,,,,,,,,
82,7/13/2019,20,4,6,2,"Retrieved bait from arm H,F,D,B",,,,,,,,,,,,,,,,,,,,,,
86,7/13/2019,16,4,4,3,"Retrieved bait from arm F,D,C,A",,,,,,,,,,,,,,,,,,,,,,
98,7/13/2019,19,4,1,0,"Retrieved bait from arm A,C,F,D",,,,,,,,,,,,,,,,,,,,,,
84,7/13/2019,19,4,3,1,"Retrieved bait from arm F,D,H,B",,,,,,,,,,,,,,,,,,,,,,
80,7/13/2019,21,4,3,0,"Retrieved bait from arm D,F,A,C",,,,,,,,,,,,,,,,,,,,,,
81,7/13/2019,21,4,14,0,"Retrieved bait from arm H,B,D,F",,,,,,,,,,,,,,,,,,,,,,
87,7/13/2019,16,4,4,3,"Retrieved bait from arm C,F,D,A",,,,,,,,,,,,,,,,,,,,,,
90,7/13/2019,21,4,2,0,"Retrieved bait from arm A,F,D,C",,,,,,,,,,,,,,,,,,,,,,
83,7/13/2019,21,4,2,0,"Retrieved bait from arm D,F,H,B",,,,,,,,,,,,,,,,,,,,,,
80,7/14/2019,21,4,3,0,"Retrieved bait from arm A,F,D,C",,,,,,,,,,,,,,,,,,,,,,
82,7/14/2019,20,4,6,0,"Retrieved bait from arm F,D,B,H",,,,,,,,,,,,,,,,,,,,,,
86,7/14/2019,17,4,5,0,"Retrieved bait from arm F,D,C,A",,,,,,,,,,,,,,,,,,,,,,
83,7/14/2019,21,4,5,0,"Retrieved bait from arm F,H,B,D",,,,,,,,,,,,,,,,,,,,,,
84,7/14/2019,19,4,4,0,"Retrieved bait from arm H,F,B,D",,,,,,,,,,,,,,,,,,,,,,
98,7/14/2019,20,4,4,0,"Retrieved bait from arm C,A,D,F",,,,,,,,,,,,,,,,,,,,,,
90,7/14/2019,21,4,3,0,"Retrieved bait from arm C,A,F,D",,,,,,,,,,,,,,,,,,,,,,
79,7/14/2019,21,4,10,2,"Retrieved bait from arm A,C,F,D",,,,,,,,,,,,,,,,,,,,,,
87,7/14/2019,17,4,5,0,"Retrieved bait from arm F,D,C,A",,,,,,,,,,,,,,,,,,,,,,
81,7/14/2019,21,4,4,0,"Retrieved bait from arm F,H,B,D",,,,,,,,,,,,,,,,,,,,,,
85,7/14/2019,17,4,2,0,"Retrieved bait from arm F,D,A,C",,,,,,,,,,,,,,,,,,,,,,
78,7/14/2019,20,4,9,5,"Retrieved bait from arm C,D,F,A",,,,,,,,,,,,,,,,,,,,,,
83,7/15/2019,22,4,3,0,"Retrieved bait from D,F,B,H",,,,,,,,,,,,,,,,,,,,,,
82,7/15/2019,21,4,3,0,"Retrieved bait from B,H,F,D",,,,,,,,,,,,,,,,,,,,,,
84,7/15/2019,21,4,4,0,"Retrieved bait from B,D,H,F",,,,,,,,,,,,,,,,,,,,,,
80,7/15/2019,22,4,1,0,"Retrieved bait from F,A,C,D",,,,,,,,,,,,,,,,,,,,,,
87,7/15/2019,17,4,3,0,"Retrieved bait from A,D,F,C",,,,,,,,,,,,,,,,,,,,,,
78,7/15/2019,23,4,5,2,"Retrieved bait from D,A,C,F",,,,,,,,,,,,,,,,,,,,,,
86,7/15/2019,17,4,5,1,"Retrieved bait from C,F,D,A",,,,,,,,,,,,,,,,,,,,,,
90,7/15/2019,21,4,3,0,"Retrieved bait from A,F,D,C",,,,,,,,,,,,,,,,,,,,,,
98,7/15/2019,21,4,10,2,"Retrieved bait from C,D,F,A",,,,,,,,,,,,,,,,,,,,,,
79,7/15/2019,22,4,11,9,"Retrieved bait from C,F,D,A",,,,,,,,,,,,,,,,,,,,,,
85,7/15/2019,18,4,2,0,"Retrieved bait from C,D,A,F",,,,,,,,,,,,,,,,,,,,,,
81,7/15/2019,23,4,9,6,"Retrieved bait from H,D,B,F",,,,,,,,,,,,,,,,,,,,,,
80,7/16/2019,21,4,2,1,"Added red cube between D and E, flat against E.  Retrieved bait from arm D,C,F,A",,,,,,,,,,,,,,,,,,,,,,
78,7/16/2019,20,4,8,6,"Added red cube between D and E, flat against E.  Retrieved bait from arm D,A,C,F",,,,,,,,,,,,,,,,,,,,,,
79,7/16/2019,20,4,3,0,"Added red cube between D and E, flat against E.  Retrieved bait from arm A,C,D,F",,,,,,,,,,,,,,,,,,,,,,
84,7/17/2019,21,4,3,1,"Recieved Bait From Arms D, B, F, H",,,,,,,,,,,,,,,,,,,,,,
87,7/17/2019,17,0,1,1,"Recieved Bait From Arms A, F, C, D",,,,,,,,,,,,,,,,,,,,,,
81,7/17/2019,23,4,7,1,"Recieved Bait From Arms B, D, F, H",,,,,,,,,,,,,,,,,,,,,,
98,7/17/2019,22,4,7,2,"Recieved Bait From Arms C, F, D, A",,,,,,,,,,,,,,,,,,,,,,
90,7/17/2019,22,4,2,0,"Recieved Bait From Arms D, C, A, F",,,,,,,,,,,,,,,,,,,,,,
85,7/17/2019,18,0,3,0,"Recieved Bait From Arms F, D, A, C",,,,,,,,,,,,,,,,,,,,,,
86,7/17/2019,17,0,0,0,"Recieved Bait From Arms F, D, C, A",,,,,,,,,,,,,,,,,,,,,,
83,7/17/2019,22,4,0,0,"Recieved Bait From Arms D, F, H, B",,,,,,,,,,,,,,,,,,,,,,
79,7/17/2019,20,4,6,2,"Recieved Bait From Arms F, D, A, C",,,,,,,,,,,,,,,,,,,,,,
78,7/17/2019,21,4,5,0,"Recieved Bait From Arms C, D, A, F ",,,,,,,,,,,,,,,,,,,,,,
80,7/17/2019,21,4,0,1,"Recieved Bait From Arms C, F, A, D",,,,,,,,,,,,,,,,,,,,,,
82,7/17/2019,23,4,4,0,"Recieved Bait From Arms D, H, B, F",,,,,,,,,,,,,,,,,,,,,,
84,7/18/2019,20,4,6,1,"Received Bait From Arms F, D, B, H",,,,,,,,,,,,,,,,,,,,,,
90,7/18/2019,23,4,11,5,"Received Bait From Arms F, A, C, D",,,,,,,,,,,,,,,,,,,,,,
78,7/18/2019,21,4,2,2,"Received Bait From Arms D, F, A, C",,,,,,,,,,,,,,,,,,,,,,
86,7/18/2019,17,0,3,0,"Received Bait From Arms F, D, C, A",,,,,,,,,,,,,,,,,,,,,,
98,7/18/2019,23,4,3,3,"Received Bait From Arms C, D, A, F",,,,,,,,,,,,,,,,,,,,,,
82,7/18/2019,20,4,2,0,"Received Bait From Arms D, F, B, H",,,,,,,,,,,,,,,,,,,,,,
87,7/18/2019,17,0,0,0,"Received Bait From Arms D, A, F, C",,,,,,,,,,,,,,,,,,,,,,
85,7/18/2019,18,0,0,0,"Received Bait From Arms C, A, F, D",,,,,,,,,,,,,,,,,,,,,,
79,7/18/2019,20,4,9,5,"Received Bait From Arms A, C, D, F",,,,,,,,,,,,,,,,,,,,,,
81,7/18/2019,22,4,3,0,"Received Bait From Arms B, D,  F,  H",,,,,,,,,,,,,,,,,,,,,,
80,7/18/2019,21,4,1,0,"Received Bait From Arms D, F, A, C",,,,,,,,,,,,,,,,,,,,,,
83,7/18/2019,21,4,0,0,"Received Bait From Arms D, F, H, B",,,,,,,,,,,,,,,,,,,,,,
87,7/19/2019,17,4,10,6,"Recieved Bait From Arms C, D, A, F",,,,,,,,,,,,,,,,,,,,,,
83,7/19/2019,22,4,0,0,"Recieved Bait From Arms D, F, H, B. *Had a perfect run, video was not stopped fast enough so code shows 2 RME.*",,,,,,,,,,,,,,,,,,,,,,
90,7/19/2019,22,4,2,0,"Recieved Bait From Arms D, F, A, C",,,,,,,,,,,,,,,,,,,,,,
81,7/19/2019,22,4,4,0,"Recieved Bait From Arms D, F, H, B",,,,,,,,,,,,,,,,,,,,,,
84,7/19/2019,19,4,5,11,"Recieved Bait From Arms B, D, H, F",,,,,,,,,,,,,,,,,,,,,,
78,7/19/2019,21,4,6,2,"Recieved Bait From Arms C, F, A, D",,,,,,,,,,,,,,,,,,,,,,
80,7/19/2019,21,4,4,3,"Recieved Bait From Arms F, D, A, C ",,,,,,,,,,,,,,,,,,,,,,
86,7/19/2019,17,4,6,1,"Recieved Bait From Arms F, D, C, A",,,,,,,,,,,,,,,,,,,,,,
85,7/19/2019,17,4,0,1,"Recieved Bait From Arms D, A, F, C",,,,,,,,,,,,,,,,,,,,,,
82,7/19/2019,21,4,10,1,"Recieved Bait From Arms B,D,H,F",,,,,,,,,,,,,,,,,,,,,,
98,7/19/2019,21,4,16,2,"Recieved Bait From Arms A, C, D, F",,,,,,,,,,,,,,,,,,,,,,
79,7/19/2019,21,4,5,2,"Recieved Bait From Arms C, A, D, F",,,,,,,,,,,,,,,,,,,,,,
98,7/20/2019,21,4,1,0,"Received Bait From Arms A, C, D, F ",,,,,,,,,,,,,,,,,,,,,,
85,7/20/2019,17,4,3,1,"Received Bait From Arms D, F, C, A",,,,,,,,,,,,,,,,,,,,,,
80,7/20/2019,21,4,2,1,"Received Bait From Arms C,F,D,A",,,,,,,,,,,,,,,,,,,,,,
82,7/20/2019,21,4,5,2,"Received Bait From Arms D, B, F, H",,,,,,,,,,,,,,,,,,,,,,
81,7/20/2019,22,4,5,4,"Received Bait From Arms H, D, F, B ",,,,,,,,,,,,,,,,,,,,,,
90,7/20/2019,21,4,6,2,"Received Bait From Arms D, F, C, A",,,,,,,,,,,,,,,,,,,,,,
87,7/20/2019,17,4,6,2,"Received Bait From Arms A, C, D, F",,,,,,,,,,,,,,,,,,,,,,
86,7/20/2019,17,4,4,2,"Received Bait From Arms D, C, F, A",,,,,,,,,,,,,,,,,,,,,,
79,7/20/2019,20,4,6,1,"Received Bait From Arms F, A, C, D",,,,,,,,,,,,,,,,,,,,,,
83,7/20/2019,21,4,4,2,"Received Bait From Arms B, D, F, H. Mouse ran into several different arms initially but then corrected itself and went to BDFH in perfect order.",,,,,,,,,,,,,,,,,,,,,,
78,7/20/2019,20,4,8,4,"Received Bait From Arms D, F, C, A",,,,,,,,,,,,,,,,,,,,,,
84,7/20/2019,20,4,0,0,"Received Bait From Arms B, D, F, H",,,,,,,,,,,,,,,,,,,,,,
98,7/22/2019,21,4,7,4,"Retrieved bait from arms D, F, C, A",,,,,,,,,,,,,,,,,,,,,,
87,7/22/2019,17,4,8,2,"Received Bait From Arms F, D, A, C",,,,,,,,,,,,,,,,,,,,,,
81,7/22/2019,23,4,4,0,"Received Bait From Arms D, F, H, B",,,,,,,,,,,,,,,,,,,,,,
78,7/22/2019,21,4,15,7,"Received Bait From Arms D, F, A, C",,,,,,,,,,,,,,,,,,,,,,
79,7/22/2019,22,4,5,1,"Received Bait From Arms D, A, C, F",,,,,,,,,,,,,,,,,,,,,,
82,7/22/2019,21,4,2,1,"Received Bait From Arms H, F, D, B",,,,,,,,,,,,,,,,,,,,,,
90,7/22/2019,21,4,4,0,"Retrieved bait from arms D,C,A,F",,,,,,,,,,,,,,,,,,,,,,
80,7/22/2019,22,4,6,3,"Retrieved bait from arms F,D,C,A",,,,,,,,,,,,,,,,,,,,,,
84,7/22/2019,21,4,0,0,"Received Bait From Arms B, H, F, D",,,,,,,,,,,,,,,,,,,,,,
85,7/22/2019,17,4,5,5,"Received Bait From Arms D, A, F, C. FAILED RUN, EXCLUDE TODAYS DATA.",,,,,,,,,,,,,,,,,,,,,,
86,7/22/2019,17,4,8,2,"Received Bait From Arms F, D, C, A",,,,,,,,,,,,,,,,,,,,,,
83,7/22/2019,23,4,0,0,"Received Bait From Arms B, D, F, H",,,,,,,,,,,,,,,,,,,,,,
98,7/23/2019,22,4,4,2,"Retrieved bait from C,A,D,F",,,,,,,,,,,,,,,,,,,,,,
82,7/23/2019,21,4,2,1,"Retrieved bait from H,F,D,B",,,,,,,,,,,,,,,,,,,,,,
79,7/23/2019,23,4,4,1,"Retrieved bait from A,D,F,C",,,,,,,,,,,,,,,,,,,,,,
78,7/23/2019,22,4,4,3,"Retrieved bait from C,F,D,A",,,,,,,,,,,,,,,,,,,,,,
87,7/23/2019,18,4,2,0,"Retrieved bait from C,F,D,A",,,,,,,,,,,,,,,,,,,,,,
90,7/23/2019,22,4,3,1,"Retrieved bait from A,F,D,C",,,,,,,,,,,,,,,,,,,,,,
86,7/23/2019,18,4,0,0,"Retrieved bait from C,A,F,D",,,,,,,,,,,,,,,,,,,,,,
83,7/23/2019,23,4,1,0,"Retrieved bait from D,F,H,B",,,,,,,,,,,,,,,,,,,,,,
81,7/23/2019,22,4,7,4,"Retrieved bait from B,D,H,F",,,,,,,,,,,,,,,,,,,,,,
85,7/23/2019,18,4,1,0,"Retrieved bait from C,F,D,A",,,,,,,,,,,,,,,,,,,,,,
84,7/23/2019,21,4,3,1,"Retrieved bait from B,D,F,H",,,,,,,,,,,,,,,,,,,,,,
80,7/23/2019,22,4,2,3,"Retrieved bait from D,C,A,F",,,,,,,,,,,,,,,,,,,,,,
80,7/24/2019,21,4,1,2,"Retrieved bait from arm A, C, D, F",,,,,,,,,,,,,,,,,,,,,,
87,7/24/2019,17,4,13,6,"Retrieved bait from arm D, F, C, A",,,,,,,,,,,,,,,,,,,,,,
83,7/24/2019,21,4,6,3,"Retrieved bait from arm H, B, D, F",,,,,,,,,,,,,,,,,,,,,,
85,7/24/2019,17,4,1,1,"Retrieved bait from arm A, F, D, C",,,,,,,,,,,,,,,,,,,,,,
78,7/24/2019,21,4,14,7,"Retrieved bait from arm D, F, C, A",,,,,,,,,,,,,,,,,,,,,,
86,7/24/2019,17,4,5,0,"Retrieved bait from arm F, D, C, A",,,,,,,,,,,,,,,,,,,,,,
81,7/24/2019,21,4,3,1,"Retrieved bait from arm D,H,B,F",,,,,,,,,,,,,,,,,,,,,,
84,7/24/2019,21,4,7,1,"Retrieved bait from arm D, H, F, B",,,,,,,,,,,,,,,,,,,,,,
79,7/24/2019,21,4,5,1,"Retrieved bait from arm C, F, A, D",,,,,,,,,,,,,,,,,,,,,,
90,7/24/2019,25,4,8,3,"Retrieved bait from arm A, C, F, D ",,,,,,,,,,,,,,,,,,,,,,
98,7/24/2019,24,4,5,4,"Retrieved bait from arm C, A, F, D",,,,,,,,,,,,,,,,,,,,,,
82,7/24/2019,21,4,5,0,"Retrieved bait from arm D,B,H,F",,,,,,,,,,,,,,,,,,,,,,
79,7/25/2019,21,4,8,1,"Received Bait From Arms C, F, A, D",,,,,,,,,,,,,,,,,,,,,,
78,7/25/2019,21,4,5,1,"Received Bait From Arms D, A, C, F",,,,,,,,,,,,,,,,,,,,,,
87,7/25/2019,18,4,5,5,"Received Bait From Arms D, C, A, F",,,,,,,,,,,,,,,,,,,,,,
98,7/25/2019,23,4,6,6,"Received Bait From Arms C, D, A, F",,,,,,,,,,,,,,,,,,,,,,
84,7/25/2019,21,4,5,1,"Received Bait From Arms F, D, H, B",,,,,,,,,,,,,,,,,,,,,,
82,7/25/2019,21,4,5,0,"Received Bait From Arms F, D, B, H",,,,,,,,,,,,,,,,,,,,,,
90,7/25/2019,23,4,4,0,"Received Bait From Arms D, C, A, F",,,,,,,,,,,,,,,,,,,,,,
83,7/25/2019,23,4,4,4,"Received Bait From Arms F, H, B, D",,,,,,,,,,,,,,,,,,,,,,
85,7/25/2019,18,4,3,3,"Received Bait From Arms D, A, C, F",,,,,,,,,,,,,,,,,,,,,,
80,7/25/2019,21,4,2,0,"Received Bait From Arms C, D, F, A",,,,,,,,,,,,,,,,,,,,,,
86,7/25/2019,17,4,6,2,"Received Bait From Arms D, F, A, C",,,,,,,,,,,,,,,,,,,,,,
81,7/25/2019,23,4,5,1,"Received Bait From Arms D, H, B, F",,,,,,,,,,,,,,,,,,,,,,
81,7/26/2019,22,4,5,2,"Retrieved bait from B,D,F,H",,,,,,,,,,,,,,,,,,,,,,
80,7/26/2019,21,4,4,3,"Retrieved bait from D,C,A,F",,,,,,,,,,,,,,,,,,,,,,
78,7/26/2019,21,4,0,1,"Retrieved bait from A,D,F,C",,,,,,,,,,,,,,,,,,,,,,
86,7/26/2019,17,4,2,0,"Retrieved bait from C,A,D,F",,,,,,,,,,,,,,,,,,,,,,
85,7/26/2019,18,4,0,0,"Retrieved bait from C,A,F,D",,,,,,,,,,,,,,,,,,,,,,
98,7/26/2019,22,4,1,1,"Retrieved bait from D,F,C,A",,,,,,,,,,,,,,,,,,,,,,
90,7/26/2019,22,4,4,1,"Retrieved bait from D,C,A,F",,,,,,,,,,,,,,,,,,,,,,
87,7/26/2019,18,4,5,4,"Retrieved bait from C,F,D,A",,,,,,,,,,,,,,,,,,,,,,
84,7/26/2019,20,4,6,3,"Retrieved bait from H,B,F,D",,,,,,,,,,,,,,,,,,,,,,
82,7/26/2019,21,4,2,0,"Retrieved bait from B,D,H,F",,,,,,,,,,,,,,,,,,,,,,
83,7/26/2019,22,4,1,1,"Retrieved bait from D,F,B,H",,,,,,,,,,,,,,,,,,,,,,
79,7/26/2019,22,4,3,1,"Retrieved bait from A,D,F,C",,,,,,,,,,,,,,,,,,,,,,
98,7/27/2019,21,4,2,0,"Retrieved bait from C,D,A,F",,,,,,,,,,,,,,,,,,,,,,
90,7/27/2019,21,4,3,1,"Retrieved bait from C,D,A,F",,,,,,,,,,,,,,,,,,,,,,
85,7/30/2019,17,4,3,1,"Retrieved bait from C,A,F,D",,,,,,,,,,,,,,,,,,,,,,
87,7/30/2019,17,4,3,2,"Retrieved bait from D,F,C,A",,,,,,,,,,,,,,,,,,,,,,
98,7/30/2019,21,4,3,2,"Retrieved bait from C,D,A,F",,,,,,,,,,,,,,,,,,,,,,
82,7/30/2019,20,4,5,0,"Retrieved bait from D,F,H,B",,,,,,,,,,,,,,,,,,,,,,
83,7/30/2019,22,4,1,1,"Retrieved bait from B,H,D,F",,,,,,,,,,,,,,,,,,,,,,
86,7/30/2019,17,4,4,1,"Retrieved bait from D,C,A,F",,,,,,,,,,,,,,,,,,,,,,
80,7/30/2019,21,4,2,1,"Retrieved bait from C,A,F,D",,,,,,,,,,,,,,,,,,,,,,
78,7/30/2019,21,4,2,2,"Retrieved bait from D,F,C,A",,,,,,,,,,,,,,,,,,,,,,
84,7/30/2019,19,4,6,0,"Retrieved bait from F,D,B,H",,,,,,,,,,,,,,,,,,,,,,
79,7/30/2019,21,4,4,0,"Retrieved bait from A,C,D,F",,,,,,,,,,,,,,,,,,,,,,
81,7/30/2019,22,4,4,3,"Retrieved bait from F,H,D,B",,,,,,,,,,,,,,,,,,,,,,
81,8/1/2019,21,4,3,0,"Received Bait From Arms B, D, F, H",,,,,,,,,,,,,,,,,,,,,,
83,8/1/2019,21,4,1,0,"Received Bait From Arms D, F, H, B",,,,,,,,,,,,,,,,,,,,,,
82,8/1/2019,20,4,1,0,"Received Bait From Arms D, F, H, B",,,,,,,,,,,,,,,,,,,,,,
78,8/1/2019,20,4,5,1,"Received Bait From Arms C, A, D, F",,,,,,,,,,,,,,,,,,,,,,
87,8/1/2019,16,4,3,1,"Received Bait From Arms C, F, A, D",,,,,,,,,,,,,,,,,,,,,,
84,8/1/2019,19,4,2,0,"Received Bait From Arms D, B, H, F",,,,,,,,,,,,,,,,,,,,,,
86,8/1/2019,16,4,4,0,"Received Bait From Arms D, C, A, F",,,,,,,,,,,,,,,,,,,,,,
80,8/1/2019,20,4,4,1,"Received Bait From Arms D, C, F, A",,,,,,,,,,,,,,,,,,,,,,
90,8/1/2019,20,4,1,1,"Received Bait From Arms C, D, F, A",,,,,,,,,,,,,,,,,,,,,,
85,8/1/2019,16,4,1,0,"Received Bait From Arms D, C, A, F",,,,,,,,,,,,,,,,,,,,,,
147,8/4/2019,24,1,21,25,First run. Received bait from arm C   ,,,,,,,,,,,,,,,,,,,,,,
150,8/4/2019,20,1,21,18,First run. Received bait from arm A,,,,,,,,,,,,,,,,,,,,,,
154,8/4/2019,18,4,13,9,"First run. Received bait from arms G, A, F, B ",,,,,,,,,,,,,,,,,,,,,,
151,8/4/2019,23,2,28,22,"First run. Received bait from arms B, A",,,,,,,,,,,,,,,,,,,,,,
153,8/4/2019,18,4,28,17,"First run. Received bait from arms G, A, F, B ",,,,,,,,,,,,,,,,,,,,,,
152,8/4/2019,24,0,30,19,First run. Received no bait from arms  ,,,,,,,,,,,,,,,,,,,,,,
157,8/4/2019,13,4,9,3,"First run. Received bait from arms E, G, B, C",,,,,,,,,,,,,,,,,,,,,,
148,8/4/2019,23,3,32,18,"First run. Received bait from arms B, E, C  ",,,,,,,,,,,,,,,,,,,,,,
149,8/4/2019,18,0,21,21,"First run, only explored the maze. ",,,,,,,,,,,,,,,,,,,,,,
155,8/4/2019,15,4,17,8,"First run. Received bait from arms G, E, B, C",,,,,,,,,,,,,,,,,,,,,,
153,8/5/2019,17,4,14,4,"Second Run. Received Bait From Arm(s) A, G, F, B",,,,,,,,,,,,,,,,,,,,,,
154,8/5/2019,17,4,11,9,"Second Run. Received Bait From Arm(s) G, A, B, F",,,,,,,,,,,,,,,,,,,,,,
147,8/5/2019,25,0,17,17,Second Run. Received Bait From Arm(s) ,,,,,,,,,,,,,,,,,,,,,,
157,8/5/2019,14,4,5,0,"Second Run. Received Bait From Arm(s) E, B, C, G ",,,,,,,,,,,,,,,,,,,,,,
148,8/5/2019,23,3,18,24,"Second Run. Received Bait From Arm(s) E, G, C ",,,,,,,,,,,,,,,,,,,,,,
149,8/5/2019,25,0,24,22,Second Run. Received Bait From Arm(s)  ,,,,,,,,,,,,,,,,,,,,,,
150,8/5/2019,19,4,14,12,"Second Run. Received Bait From Arm(s) A, G, F, B",,,,,,,,,,,,,,,,,,,,,,
152,8/5/2019,25,1,26,19,Second Run. Received Bait From Arm(s) F,,,,,,,,,,,,,,,,,,,,,,
151,8/5/2019,23,4,26,28,"Second Run. Received Bait From Arm(s) B, A, G, F",,,,,,,,,,,,,,,,,,,,,,
149,8/6/2019,24,0,19,14,Third Run. Received Bait From Arm(s) ,,,,,,,,,,,,,,,,,,,,,,
157,8/6/2019,14,4,7,3,"Third Run. Received Bait From Arm(s) E, B, G, C",,,,,,,,,,,,,,,,,,,,,,
154,8/6/2019,16,4,5,2,"Third Run. Received Bait From Arm(s) G, B, A, F ",,,,,,,,,,,,,,,,,,,,,,
148,8/6/2019,22,4,5,4,"Third Run. Received Bait From Arm(s) C, B, E, G ",,,,,,,,,,,,,,,,,,,,,,
150,8/6/2019,19,4,3,1,"Third Run. Received Bait From Arm(s) A, F, B, G ",,,,,,,,,,,,,,,,,,,,,,
147,8/6/2019,24,1,15,15,Third Run. Received Bait From Arm(s) E,,,,,,,,,,,,,,,,,,,,,,
151,8/6/2019,22,4,6,4,"Third Run. Received Bait From Arm(s) A, F, B, G",,,,,,,,,,,,,,,,,,,,,,
153,8/6/2019,16,4,2,1,"Third Run. Received Bait From Arm(s) A, B, G, F ",,,,,,,,,,,,,,,,,,,,,,
152,8/6/2019,24,0,25,15,Third Run. Received Bait From Arm(s)  ,,,,,,,,,,,,,,,,,,,,,,
152,8/7/2019,24,0,20,21,Fourth Run. Received Bait From Arm(s) ,,,,,,,,,,,,,,,,,,,,,,
147,8/7/2019,24,0,28,19,Fourth Run. Received Bait From Arm(s) ,,,,,,,,,,,,,,,,,,,,,,
148,8/7/2019,22,4,2,3,"Fourth Run. Received Bait From Arm(s) B, C, E, G",,,,,,,,,,,,,,,,,,,,,,
150,8/7/2019,19,4,8,3,"Fourth Run. Received Bait From Arm(s) B, F, G,  A  ",,,,,,,,,,,,,,,,,,,,,,
153,8/7/2019,18,4,13,3,"Fourth Run. Received Bait From Arm(s) B, F, G,  A",,,,,,,,,,,,,,,,,,,,,,
157,8/7/2019,15,4,13,6,"Fourth Run. Received Bait From Arm(s) E, G, C, B ",,,,,,,,,,,,,,,,,,,,,,
149,8/7/2019,23,0,40,20,Fourth Run. Received Bait From Arm(s)  ,,,,,,,,,,,,,,,,,,,,,,
151,8/7/2019,23,4,7,2,"Fourth Run. Received Bait From Arm(s) G, A, B, F",,,,,,,,,,,,,,,,,,,,,,
154,8/7/2019,18,4,2,0,"Fourth Run. Received Bait From Arm(s) A, B, G, F ",,,,,,,,,,,,,,,,,,,,,,
148,8/8/2019,22,4,1,0,"Fifth Run. Received Bait From Arm(s) C, B, E, G ",,,,,,,,,,,,,,,,,,,,,,
152,8/8/2019,23,4,6,3,"Fifth Run. Received Bait From Arm(s) A, B, F, G",,,,,,,,,,,,,,,,,,,,,,
154,8/8/2019,17,4,8,2,"Fifth Run. Received Bait From Arm(s) A, G, B, F",,,,,,,,,,,,,,,,,,,,,,
151,8/8/2019,22,4,2,1,"Fifth Run. Received Bait From Arm(s) A, B, G, F",,,,,,,,,,,,,,,,,,,,,,
157,8/8/2019,13,4,1,0,"Fifth Run. Received Bait From Arm(s) B, G, E, C",,,,,,,,,,,,,,,,,,,,,,
153,8/8/2019,17,4,7,2,"Fifth Run. Received Bait From Arm(s) B, F, G, A",,,,,,,,,,,,,,,,,,,,,,
147,8/8/2019,24,4,21,19,"Fifth Run. Received Bait From Arm(s) G, C, B, E",,,,,,,,,,,,,,,,,,,,,,
147,8/8/2019,24,1,34,12,Fifth Run. Received Bait From Arm(s) E,,,,,,,,,,,,,,,,,,,,,,
150,8/8/2019,18,4,6,3,"Fifth Run. Received Bait From Arm(s) B, G, A, F",,,,,,,,,,,,,,,,,,,,,,
149,8/8/2019,22,3,24,14,"Fifth Run. Received Bait From Arm(s) A, G, F  ",,,,,,,,,,,,,,,,,,,,,,
157,8/9/2019,14,4,4,4,"Received Bait From Arm(s) E, B, G, C",,,,,,,,,,,,,,,,,,,,,,
147,8/9/2019,23,1,16,19,Received Bait From Arm(s) E ,,,,,,,,,,,,,,,,,,,,,,
154,8/9/2019,17,4,4,1,"Received Bait From Arm(s) G, A, F, B",,,,,,,,,,,,,,,,,,,,,,
150,8/9/2019,18,4,1,1,"Received Bait From Arm(s) F, G, A, B",,,,,,,,,,,,,,,,,,,,,,
148,8/9/2019,22,4,2,2,"Received Bait From Arm(s) C, B, E, G ",,,,,,,,,,,,,,,,,,,,,,
151,8/9/2019,21,4,1,1,"Received Bait From Arm(s) B, G, F, A",,,,,,,,,,,,,,,,,,,,,,
152,8/9/2019,21,4,6,0,"Received Bait From Arm(s) A, B, G, F",,,,,,,,,,,,,,,,,,,,,,
153,8/9/2019,18,4,3,2,"Received Bait From Arm(s) A, G, F, B",,,,,,,,,,,,,,,,,,,,,,
149,8/9/2019,21,4,5,3,"Received Bait From Arm(s) G, F, A, B",,,,,,,,,,,,,,,,,,,,,,
82,8/26/2019,24,4,9,3,First run in a couple weeks,,,,,,,,,,,,,,,,,,,,,,
82,8/28/2019,26,4,10,8,,,,,,,,,,,,,,,,,,,,,,,
83,8/28/2019,27,4,3,2,,,,,,,,,,,,,,,,,,,,,,,
83,9/3/2019,26,4,4,1,,,,,,,,,,,,,,,,,,,,,,,
80,9/3/2019,25,4,3,1,,,,,,,,,,,,,,,,,,,,,,,
78,9/3/2019,23,4,13,5,,,,,,,,,,,,,,,,,,,,,,,
82,9/3/2019,25,4,3,0,,,,,,,,,,,,,,,,,,,,,,,
78,9/5/2019,20,4,11,3,,,,,,,,,,,,,,,,,,,,,,,
80,9/5/2019,22,4,2,0,,,,,,,,,,,,,,,,,,,,,,,
80,9/6/2019,21,4,3,0,,,,,,,,,,,,,,,,,,,,,,,
78,9/6/2019,19,4,6,0,,,,,,,,,,,,,,,,,,,,,,,
82,9/10/2019,25,4,4,0,,,,,,,,,,,,,,,,,,,,,,,
80,9/10/2019,26,4,1,0,,,,,,,,,,,,,,,,,,,,,,,
78,9/10/2019,24,4,2,2,,,,,,,,,,,,,,,,,,,,,,,
200,9/30/2019,28,1,20,24,Retrieved from arm A,,,,,,,,,,,,,,,,,,,,,,
170,9/30/2019,24,1,29,43,Retrieved bait from Arm A,,,,,,,,,,,,,,,,,,,,,,
171,9/30/2019,24,0,15,18,,,,,,,,,,,,,,,,,,,,,,,
202,9/30/2019,29,0,21,31,,,,,,,,,,,,,,,,,,,,,,,
203,9/30/2019,29,0,29,44,,,,,,,,,,,,,,,,,,,,,,,
172,10/2/2019,18,0,27,52,Retreived no bait from arms ,,,,,,,,,,,,,,,,,,,,,,
174,10/2/2019,21,3,30,51,"Received bait from arms B, C, E ",,,,,,,,,,,,,,,,,,,,,,
193,10/2/2019,26,4,18,12,"Received bait from arms B, G, E, C",,,,,,,,,,,,,,,,,,,,,,
171,10/2/2019,24,1,12,17,,,,,,,,,,,,,,,,,,,,,,,
190,10/2/2019,24,1,25,21,Received bait from arms C,,,,,,,,,,,,,,,,,,,,,,
175,10/2/2019,20,0,28,46,Received bait from no arms ,,,,,,,,,,,,,,,,,,,,,,
170,10/2/2019,28,2,27,43,,,,,,,,,,,,,,,,,,,,,,,
196,10/2/2019,24,2,27,32,"Received bait from arms C, E, ",,,,,,,,,,,,,,,,,,,,,,
173,10/2/2019,18,1,15,22,Received bait from arm G,,,,,,,,,,,,,,,,,,,,,,
194,10/2/2019,24,2,21,14,"Received bait from arms B, E, ",,,,,,,,,,,,,,,,,,,,,,
200,10/3/2019,23,4,7,5,,,,,,,,,,,,,,,,,,,,,,,
202,10/3/2019,25,4,19,19,,,,,,,,,,,,,,,,,,,,,,,
196,10/4/2019,22,4,13,13,"Received bait from arms B, E, C, G",,,,,,,,,,,,,,,,,,,,,,
175,10/4/2019,17,4,10,13,"Received bait from arms E, G, C, B",,,,,,,,,,,,,,,,,,,,,,
194,10/4/2019,22,4,6,3,"Received bait from arms G, C, E, B",,,,,,,,,,,,,,,,,,,,,,
190,10/4/2019,21,3,20,13,"Received bait from arms E, C, B",,,,,,,,,,,,,,,,,,,,,,
174,10/4/2019,18,4,7,5,"Received bait from arms E, C, G, B",,,,,,,,,,,,,,,,,,,,,,
173,10/4/2019,16,4,9,10,"Received bait from arms B, E, C, G",,,,,,,,,,,,,,,,,,,,,,
193,10/4/2019,24,4,5,3,"Received bait from arms C, E, G, B",,,,,,,,,,,,,,,,,,,,,,
172,10/4/2019,16,4,9,14,"Received bait from arms G, E, C, B",,,,,,,,,,,,,,,,,,,,,,
170,11/12/2019,20,4,7,5,,,,,,,,,,,,,,,,,,,,,,,
202,11/12/2019,25,4,9,9,,,,,,,,,,,,,,,,,,,,,,,
203,11/12/2019,25,4,7,4,,,,,,,,,,,,,,,,,,,,,,,
171,11/12/2019,21,3,32,58,,,,,,,,,,,,,,,,,,,,,,,
200,11/12/2019,24,4,2,5,,,,,,,,,,,,,,,,,,,,,,,
174,11/14/2019,21,4,8,7,,,,,,,,,,,,,,,,,,,,,,,
193,11/14/2019,25,4,10,2,,,,,,,,,,,,,,,,,,,,,,,
190,11/14/2019,23,4,13,8,,,,,,,,,,,,,,,,,,,,,,,
175,11/14/2019,21,4,6,4,,,,,,,,,,,,,,,,,,,,,,,
196,11/14/2019,23,4,8,3,,,,,,,,,,,,,,,,,,,,,,,
207,11/14/2019,31,0,23,14,,,,,,,,,,,,,,,,,,,,,,,
194,11/14/2019,24,4,10,6,,,,,,,,,,,,,,,,,,,,,,,
173,11/14/2019,18,4,2,0,,,,,,,,,,,,,,,,,,,,,,,
71,11/15/2019,29,0,28,44,,,,,,,,,,,,,,,,,,,,,,,
211,11/15/2019,26,0,21,40,,,,,,,,,,,,,,,,,,,,,,,
210,11/15/2019,25,3,19,26,,,,,,,,,,,,,,,,,,,,,,,
99,11/15/2019,26,2,24,43,,,,,,,,,,,,,,,,,,,,,,,
131,11/15/2019,22,0,3,2,,,,,,,,,,,,,,,,,,,,,,,
116,11/21/2019,25,4,14,13,,,,,,,,,,,,,,,,,,,,,,,
171,11/21/2019,20,4,8,5,,,,,,,,,,,,,,,,,,,,,,,
170,11/21/2019,21,4,5,4,,,,,,,,,,,,,,,,,,,,,,,
175,11/25/2019,18,4,4,1,,,,,,,,,,,,,,,,,,,,,,,
173,11/25/2019,17,4,8,6,,,,,,,,,,,,,,,,,,,,,,,
190,11/25/2019,23,4,13,15,,,,,,,,,,,,,,,,,,,,,,,
231,11/25/2019,15,4,15,20,,,,,,,,,,,,,,,,,,,,,,,
172,11/25/2019,16,4,11,13,,,,,,,,,,,,,,,,,,,,,,,
174,11/25/2019,19,4,11,11,,,,,,,,,,,,,,,,,,,,,,,
225,11/26/2019,26,3,14,19,,,,,,,,,,,,,,,,,,,,,,,
224,11/26/2019,21,4,13,20,,,,,,,,,,,,,,,,,,,,,,,
171,11/26/2019,22,2,18,36,Not hungry - just explored for 10 minutes.,,,,,,,,,,,,,,,,,,,,,,
194,11/26/2019,22,4,8,11,,,,,,,,,,,,,,,,,,,,,,,
233,11/26/2019,23,3,19,28,,,,,,,,,,,,,,,,,,,,,,,
193,11/26/2019,23,4,2,0,,,,,,,,,,,,,,,,,,,,,,,
170,11/26/2019,24,2,30,40,Not hungry - just explored for 10 minutes.,,,,,,,,,,,,,,,,,,,,,,
207,11/26/2019,26,0,17,29,,,,,,,,,,,,,,,,,,,,,,,
196,11/26/2019,21,4,10,10,,,,,,,,,,,,,,,,,,,,,,,
177,11/27/2019,30,2,20,38,,,,,,,,,,,,,,,,,,,,,,,
210,11/27/2019,24,4,14,13,,,,,,,,,,,,,,,,,,,,,,,
71,11/27/2019,27,4,20,26,,,,,,,,,,,,,,,,,,,,,,,
200,11/27/2019,24,4,7,4,,,,,,,,,,,,,,,,,,,,,,,
234,11/27/2019,26,4,7,6,,,,,,,,,,,,,,,,,,,,,,,
99,11/27/2019,25,4,20,27,,,,,,,,,,,,,,,,,,,,,,,
178,11/27/2019,29,3,32,54,,,,,,,,,,,,,,,,,,,,,,,
131,11/27/2019,20,2,10,10,,,,,,,,,,,,,,,,,,,,,,,
222,11/27/2019,29,4,12,14,,,,,,,,,,,,,,,,,,,,,,,
203,11/27/2019,23,4,5,3,,,,,,,,,,,,,,,,,,,,,,,
211,11/27/2019,25,4,19,28,,,,,,,,,,,,,,,,,,,,,,,
202,11/27/2019,23,4,7,6,,,,,,,,,,,,,,,,,,,,,,,
221,11/27/2019,28,0,32,55,,,,,,,,,,,,,,,,,,,,,,,
172,11/28/2019,20,4,7,6,,,,,,,,,,,,,,,,,,,,,,,
181,11/28/2019,21,0,19,29,,,,,,,,,,,,,,,,,,,,,,,
174,11/28/2019,21,4,13,15,,,,,,,,,,,,,,,,,,,,,,,
173,11/28/2019,18,4,2,2,,,,,,,,,,,,,,,,,,,,,,,
231,11/28/2019,18,4,4,2,,,,,,,,,,,,,,,,,,,,,,,
175,11/28/2019,21,4,16,15,,,,,,,,,,,,,,,,,,,,,,,
256,12/6/2019,17,0,16,21,,,,,,,,,,,,,,,,,,,,,,,
253,12/6/2019,24,1,26,38,,,,,,,,,,,,,,,,,,,,,,,
207,12/6/2019,23,3,21,22,,,,,,,,,,,,,,,,,,,,,,,
182,12/6/2019,21,1,27,38,Jumped out of maze and had to pause for a moment. Disregard data.,,,,,,,,,,,,,,,,,,,,,,
181,12/6/2019,21,4,1,7,,,,,,,,,,,,,,,,,,,,,,,
190,12/6/2019,20,4,5,7,,,,,,,,,,,,,,,,,,,,,,,
228,12/6/2019,21,4,16,28,,,,,,,,,,,,,,,,,,,,,,,
259,12/6/2019,25,0,32,45,,,,,,,,,,,,,,,,,,,,,,,
263,12/6/2019,24,4,3,11,,,,,,,,,,,,,,,,,,,,,,,
184,12/6/2019,22,1,24,42,,,,,,,,,,,,,,,,,,,,,,,
236,12/6/2019,23,1,16,28,,,,,,,,,,,,,,,,,,,,,,,
232,12/6/2019,18,4,5,6,,,,,,,,,,,,,,,,,,,,,,,
193,12/6/2019,21,4,4,0,,,,,,,,,,,,,,,,,,,,,,,
196,12/6/2019,20,4,23,35,Climbed onto edge and had to pause experiment for a few seconds.,,,,,,,,,,,,,,,,,,,,,,
194,12/6/2019,21,4,7,5,,,,,,,,,,,,,,,,,,,,,,,
230,12/6/2019,19,4,9,12,,,,,,,,,,,,,,,,,,,,,,,
264,12/6/2019,21,3,33,44,,,,,,,,,,,,,,,,,,,,,,,
238,12/6/2019,23,3,16,30,,,,,,,,,,,,,,,,,,,,,,,
183,12/6/2019,22,0,27,40,,,,,,,,,,,,,,,,,,,,,,,
173,12/16/2019,23,4,2,0,,,,,,,,,,,,,,,,,,,,,,,
171,12/16/2019,22,4,5,2,,,,,,,,,,,,,,,,,,,,,,,
207,12/16/2019,28,4,5,1,,,,,,,,,,,,,,,,,,,,,,,
224,12/16/2019,20,4,7,4,,,,,,,,,,,,,,,,,,,,,,,
231,12/16/2019,22,4,8,8,,,,,,,,,,,,,,,,,,,,,,,
175,12/16/2019,26,4,3,1,,,,,,,,,,,,,,,,,,,,,,,
170,12/16/2019,22,4,11,9,,,,,,,,,,,,,,,,,,,,,,,
225,12/16/2019,20,4,5,2,,,,,,,,,,,,,,,,,,,,,,,
190,12/16/2019,25,4,8,6,,,,,,,,,,,,,,,,,,,,,,,
194,12/16/2019,26,4,11,14,,,,,,,,,,,,,,,,,,,,,,,
233,12/16/2019,22,4,8,11,,,,,,,,,,,,,,,,,,,,,,,
193,12/16/2019,27,4,2,0,,,,,,,,,,,,,,,,,,,,,,,
172,12/16/2019,28,3,25,47,Not hungry.,,,,,,,,,,,,,,,,,,,,,,
174,12/16/2019,24,4,5,4,,,,,,,,,,,,,,,,,,,,,,,
196,12/16/2019,26,4,4,1,,,,,,,,,,,,,,,,,,,,,,,
282,1/1/2020,22,0,20,32,,,,,,,,,,,,,,,,,,,,,,,
286,1/1/2020,24,0,22,28,,,,,,,,,,,,,,,,,,,,,,,
255,1/1/2020,27,0,19,25,,,,,,,,,,,,,,,,,,,,,,,
261,1/1/2020,28,0,26,46,,,,,,,,,,,,,,,,,,,,,,,
260,1/1/2020,28,1,23,27,,,,,,,,,,,,,,,,,,,,,,,
210,1/1/2020,27,3,10,10,,,,,,,,,,,,,,,,,,,,,,,
285,1/1/2020,25,0,16,23,,,,,,,,,,,,,,,,,,,,,,,
283,1/1/2020,22,0,56,83,,,,,,,,,,,,,,,,,,,,,,,
254,1/1/2020,28,0,24,36,,,,,,,,,,,,,,,,,,,,,,,
262,1/1/2020,29,0,16,33,,,,,,,,,,,,,,,,,,,,,,,
71,1/1/2020,25,1,29,53,,,,,,,,,,,,,,,,,,,,,,,
284,1/1/2020,22,0,14,24,,,,,,,,,,,,,,,,,,,,,,,
207,1/2/2020,31,4,9,8,,,,,,,,,,,,,,,,,,,,,,,
190,1/2/2020,27,4,4,5,,,,,,,,,,,,,,,,,,,,,,,
172,1/2/2020,20,4,2,6,,,,,,,,,,,,,,,,,,,,,,,
193,1/2/2020,28,4,3,1,,,,,,,,,,,,,,,,,,,,,,,
194,1/2/2020,28,4,6,5,,,,,,,,,,,,,,,,,,,,,,,
71,1/2/2020,24,4,12,11,,,,,,,,,,,,,,,,,,,,,,,
196,1/2/2020,27,4,4,2,,,,,,,,,,,,,,,,,,,,,,,
202,1/2/2020,28,2,19,32,,,,,,,,,,,,,,,,,,,,,,,
175,1/2/2020,24,4,12,17,,,,,,,,,,,,,,,,,,,,,,,
99,1/2/2020,24,4,17,24,,,,,,,,,,,,,,,,,,,,,,,
231,1/2/2020,21,4,4,1,,,,,,,,,,,,,,,,,,,,,,,
211,1/2/2020,25,3,17,25,,,,,,,,,,,,,,,,,,,,,,,
174,1/2/2020,24,4,2,0,,,,,,,,,,,,,,,,,,,,,,,
131,1/2/2020,21,1,8,7,,,,,,,,,,,,,,,,,,,,,,,
203,1/2/2020,28,2,14,18,,,,,,,,,,,,,,,,,,,,,,,
210,1/2/2020,24,4,5,1,,,,,,,,,,,,,,,,,,,,,,,
173,1/2/2020,20,4,4,3,,,,,,,,,,,,,,,,,,,,,,,
261,1/4/2020,26,2,22,36,,,,,,,,,,,,,,,,,,,,,,,
174,1/4/2020,24,4,1,1,,,,,,,,,,,,,,,,,,,,,,,
260,1/4/2020,25,2,8,14,,,,,,,,,,,,,,,,,,,,,,,
224,1/4/2020,25,4,6,4,,,,,,,,,,,,,,,,,,,,,,,
225,1/4/2020,25,4,6,3,,,,,,,,,,,,,,,,,,,,,,,
172,1/4/2020,18,4,13,13,,,,,,,,,,,,,,,,,,,,,,,
173,1/4/2020,17,3,15,20,,,,,,,,,,,,,,,,,,,,,,,
255,1/4/2020,19,2,13,15,,,,,,,,,,,,,,,,,,,,,,,
175,1/4/2020,24,4,4,6,,,,,,,,,,,,,,,,,,,,,,,
171,1/4/2020,27,4,12,15,,,,,,,,,,,,,,,,,,,,,,,
233,1/4/2020,27,4,24,42,,,,,,,,,,,,,,,,,,,,,,,
262,1/4/2020,26,2,29,42,,,,,,,,,,,,,,,,,,,,,,,
170,1/4/2020,27,4,31,50,,,,,,,,,,,,,,,,,,,,,,,
231,1/4/2020,21,4,4,0,,,,,,,,,,,,,,,,,,,,,,,
210,1/5/2020,25,4,9,10,,,,,,,,,,,,,,,,,,,,,,,
194,1/5/2020,27,4,11,10,,,,,,,,,,,,,,,,,,,,,,,
203,1/5/2020,31,0,8,9,not hungry,,,,,,,,,,,,,,,,,,,,,,
131,1/5/2020,21,4,11,9,,,,,,,,,,,,,,,,,,,,,,,
283,1/5/2020,19,4,5,4,,,,,,,,,,,,,,,,,,,,,,,
207,1/5/2020,30,3,10,12,,,,,,,,,,,,,,,,,,,,,,,
99,1/5/2020,24,3,23,52,,,,,,,,,,,,,,,,,,,,,,,
211,1/5/2020,25,4,13,21,,,,,,,,,,,,,,,,,,,,,,,
193,1/5/2020,28,4,3,0,,,,,,,,,,,,,,,,,,,,,,,
284,1/5/2020,21,4,15,22,,,,,,,,,,,,,,,,,,,,,,,
202,1/5/2020,30,0,17,23,,,,,,,,,,,,,,,,,,,,,,,
286,1/5/2020,22,0,16,27,,,,,,,,,,,,,,,,,,,,,,,
190,1/5/2020,27,3,25,32,,,,,,,,,,,,,,,,,,,,,,,
71,1/5/2020,24,4,14,22,,,,,,,,,,,,,,,,,,,,,,,
196,1/5/2020,26,2,30,65,,,,,,,,,,,,,,,,,,,,,,,
282,1/5/2020,21,3,13,22,,,,,,,,,,,,,,,,,,,,,,,
285,1/5/2020,23,4,20,35,,,,,,,,,,,,,,,,,,,,,,,
175,1/7/2020,25,4,5,4,,,,,,,,,,,,,,,,,,,,,,,
172,1/7/2020,22,4,3,1,,,,,,,,,,,,,,,,,,,,,,,
170,1/7/2020,26,4,9,8,,,,,,,,,,,,,,,,,,,,,,,
255,1/7/2020,25,4,0,0,,,,,,,,,,,,,,,,,,,,,,,
224,1/7/2020,24,4,1,0,,,,,,,,,,,,,,,,,,,,,,,
225,1/7/2020,24,4,4,2,,,,,,,,,,,,,,,,,,,,,,,
262,1/7/2020,27,4,7,16,,,,,,,,,,,,,,,,,,,,,,,
260,1/7/2020,26,4,8,13,,,,,,,,,,,,,,,,,,,,,,,
171,1/7/2020,28,4,2,0,,,,,,,,,,,,,,,,,,,,,,,
173,1/7/2020,21,4,5,3,,,,,,,,,,,,,,,,,,,,,,,
233,1/7/2020,27,4,11,10,,,,,,,,,,,,,,,,,,,,,,,
254,1/7/2020,26,4,15,23,,,,,,,,,,,,,,,,,,,,,,,
231,1/7/2020,21,4,7,6,,,,,,,,,,,,,,,,,,,,,,,
261,1/7/2020,26,4,6,6,,,,,,,,,,,,,,,,,,,,,,,
174,1/7/2020,24,4,2,2,,,,,,,,,,,,,,,,,,,,,,,
254,1/8/2020,27,2,25,39,"I realize that I made a mistake on Jan04, the trial data of N254 was not appended successfully. I checked the experiment records and append it again to 'RAM_Experimental_Data_2020_01_07_06_22_42.mat' (which is the latest one). And I modified the data so that it is in the correct time order.   So, please note that records of N254 in .mat file on Jan 05-07 is not correct, although this shall not bother much because we usually only look at the latest mat file. ",,,,,,,,,,,,,,,,,,,,,,
286,1/9/2020,22,0,10,7,not hungry,,,,,,,,,,,,,,,,,,,,,,
99,1/9/2020,26,4,7,5,,,,,,,,,,,,,,,,,,,,,,,
283,1/9/2020,18,0,1,0,didn't move at all,,,,,,,,,,,,,,,,,,,,,,
131,1/9/2020,22,4,4,1,,,,,,,,,,,,,,,,,,,,,,,
285,1/9/2020,23,4,5,4,,,,,,,,,,,,,,,,,,,,,,,
202,1/9/2020,30,1,14,20,not hungry,,,,,,,,,,,,,,,,,,,,,,
282,1/9/2020,20,4,7,6,,,,,,,,,,,,,,,,,,,,,,,
210,1/9/2020,26,4,5,10,,,,,,,,,,,,,,,,,,,,,,,
203,1/9/2020,29,4,3,0,,,,,,,,,,,,,,,,,,,,,,,
211,1/9/2020,26,4,9,9,,,,,,,,,,,,,,,,,,,,,,,
71,1/9/2020,26,4,12,12,,,,,,,,,,,,,,,,,,,,,,,
284,1/9/2020,21,4,12,16,,,,,,,,,,,,,,,,,,,,,,,
194,1/10/2020,29,4,4,3,,,,,,,,,,,,,,,,,,,,,,,
196,1/10/2020,26,4,1,5,,,,,,,,,,,,,,,,,,,,,,,
207,1/10/2020,29,4,5,7,,,,,,,,,,,,,,,,,,,,,,,
193,1/10/2020,28,4,4,2,,,,,,,,,,,,,,,,,,,,,,,
261,1/11/2020,24,4,6,7,,,,,,,,,,,,,,,,,,,,,,,
170,1/11/2020,25,4,4,0,,,,,,,,,,,,,,,,,,,,,,,
254,1/11/2020,25,4,2,1,,,,,,,,,,,,,,,,,,,,,,,
224,1/11/2020,24,4,3,0,,,,,,,,,,,,,,,,,,,,,,,
231,1/11/2020,21,4,4,2,,,,,,,,,,,,,,,,,,,,,,,
233,1/11/2020,26,4,4,2,,,,,,,,,,,,,,,,,,,,,,,
174,1/11/2020,23,4,3,3,,,,,,,,,,,,,,,,,,,,,,,
175,1/11/2020,24,4,7,4,,,,,,,,,,,,,,,,,,,,,,,
260,1/11/2020,25,4,3,0,,,,,,,,,,,,,,,,,,,,,,,
262,1/11/2020,24,4,2,5,,,,,,,,,,,,,,,,,,,,,,,
255,1/11/2020,25,4,5,4,,,,,,,,,,,,,,,,,,,,,,,
172,1/11/2020,22,4,6,6,,,,,,,,,,,,,,,,,,,,,,,
173,1/11/2020,21,4,4,3,,,,,,,,,,,,,,,,,,,,,,,
171,1/11/2020,27,4,9,7,,,,,,,,,,,,,,,,,,,,,,,
225,1/11/2020,23,4,5,3,,,,,,,,,,,,,,,,,,,,,,,
203,1/12/2020,29,4,5,4,,,,,,,,,,,,,,,,,,,,,,,
71,1/12/2020,24,4,6,2,,,,,,,,,,,,,,,,,,,,,,,
194,1/12/2020,27,4,2,2,,,,,,,,,,,,,,,,,,,,,,,
99,1/12/2020,24,4,8,5,,,,,,,,,,,,,,,,,,,,,,,
202,1/12/2020,29,2,22,34,NOT HUNGRY,,,,,,,,,,,,,,,,,,,,,,
196,1/12/2020,27,4,2,1,,,,,,,,,,,,,,,,,,,,,,,
210,1/12/2020,24,4,5,4,,,,,,,,,,,,,,,,,,,,,,,
193,1/12/2020,28,4,3,0,,,,,,,,,,,,,,,,,,,,,,,
285,1/12/2020,22,4,6,5,,,,,,,,,,,,,,,,,,,,,,,
131,1/12/2020,20,4,3,0,,,,,,,,,,,,,,,,,,,,,,,
211,1/12/2020,25,4,3,0,,,,,,,,,,,,,,,,,,,,,,,
286,1/12/2020,21,0,23,30,NOT HUNGRY,,,,,,,,,,,,,,,,,,,,,,
207,1/12/2020,29,4,7,4,,,,,,,,,,,,,,,,,,,,,,,
190,1/12/2020,27,4,6,3,,,,,,,,,,,,,,,,,,,,,,,
284,1/12/2020,20,4,3,0,,,,,,,,,,,,,,,,,,,,,,,
282,1/12/2020,20,4,2,1,,,,,,,,,,,,,,,,,,,,,,,
211,1/14/2020,22,4,3,1,,,,,,,,,,,,,,,,,,,,,,,
131,1/14/2020,19,4,5,3,,,,,,,,,,,,,,,,,,,,,,,
282,1/14/2020,18,4,3,2,,,,,,,,,,,,,,,,,,,,,,,
207,1/14/2020,27,4,5,3,,,,,,,,,,,,,,,,,,,,,,,
71,1/14/2020,22,4,5,3,,,,,,,,,,,,,,,,,,,,,,,
190,1/14/2020,24,4,4,2,,,,,,,,,,,,,,,,,,,,,,,
286,1/14/2020,19,4,9,13,,,,,,,,,,,,,,,,,,,,,,,
202,1/14/2020,27,4,3,3,,,,,,,,,,,,,,,,,,,,,,,
284,1/14/2020,18,4,4,2,,,,,,,,,,,,,,,,,,,,,,,
203,1/14/2020,27,4,7,3,,,,,,,,,,,,,,,,,,,,,,,
285,1/14/2020,20,4,4,1,,,,,,,,,,,,,,,,,,,,,,,
99,1/14/2020,22,4,3,0,,,,,,,,,,,,,,,,,,,,,,,
210,1/14/2020,23,4,5,5,,,,,,,,,,,,,,,,,,,,,,,
283,1/14/2020,17,4,4,3,,,,,,,,,,,,,,,,,,,,,,,
193,1/14/2020,26,4,4,0,,,,,,,,,,,,,,,,,,,,,,,
194,1/14/2020,24,4,5,2,,,,,,,,,,,,,,,,,,,,,,,
261,1/16/2020,24,4,4,4,,,,,,,,,,,,,,,,,,,,,,,
233,1/16/2020,25,4,4,0,,,,,,,,,,,,,,,,,,,,,,,
175,1/16/2020,23,4,0,0,,,,,,,,,,,,,,,,,,,,,,,
262,1/16/2020,24,4,4,5,,,,,,,,,,,,,,,,,,,,,,,
171,1/16/2020,26,4,1,0,,,,,,,,,,,,,,,,,,,,,,,
254,1/16/2020,24,3,5,3,,,,,,,,,,,,,,,,,,,,,,,
173,1/16/2020,21,4,2,0,,,,,,,,,,,,,,,,,,,,,,,
224,1/16/2020,22,3,10,21,,,,,,,,,,,,,,,,,,,,,,,
170,1/16/2020,25,4,4,0,,,,,,,,,,,,,,,,,,,,,,,
255,1/16/2020,24,4,3,1,,,,,,,,,,,,,,,,,,,,,,,
225,1/16/2020,22,4,18,25,,,,,,,,,,,,,,,,,,,,,,,
174,1/16/2020,23,4,3,3,,,,,,,,,,,,,,,,,,,,,,,
260,1/16/2020,24,4,1,0,,,,,,,,,,,,,,,,,,,,,,,
231,1/16/2020,20,4,4,0,,,,,,,,,,,,,,,,,,,,,,,
172,1/16/2020,22,4,5,5,,,,,,,,,,,,,,,,,,,,,,,
193,1/18/2020,26,4,2,0,,,,,,,,,,,,,,,,,,,,,,,
286,1/18/2020,21,4,11,11,,,,,,,,,,,,,,,,,,,,,,,
202,1/18/2020,27,0,6,4,,,,,,,,,,,,,,,,,,,,,,,
190,1/18/2020,24,4,4,1,,,,,,,,,,,,,,,,,,,,,,,
99,1/18/2020,24,4,6,5,,,,,,,,,,,,,,,,,,,,,,,
71,1/18/2020,21,4,2,3,,,,,,,,,,,,,,,,,,,,,,,
203,1/18/2020,27,0,5,3,,,,,,,,,,,,,,,,,,,,,,,
211,1/18/2020,24,4,4,0,,,,,,,,,,,,,,,,,,,,,,,
284,1/18/2020,21,4,6,4,,,,,,,,,,,,,,,,,,,,,,,
196,1/18/2020,25,4,5,2,,,,,,,,,,,,,,,,,,,,,,,
194,1/18/2020,26,4,2,0,,,,,,,,,,,,,,,,,,,,,,,
282,1/18/2020,20,4,4,3,,,,,,,,,,,,,,,,,,,,,,,
207,1/18/2020,27,4,3,0,,,,,,,,,,,,,,,,,,,,,,,
210,1/18/2020,24,4,3,0,,,,,,,,,,,,,,,,,,,,,,,
285,1/18/2020,22,4,8,7,,,,,,,,,,,,,,,,,,,,,,,
131,1/18/2020,20,4,5,1,,,,,,,,,,,,,,,,,,,,,,,
171,1/19/2020,27,4,5,2,,,,,,,,,,,,,,,,,,,,,,,
170,1/19/2020,24,4,2,0,,,,,,,,,,,,,,,,,,,,,,,
262,1/19/2020,26,4,4,4,,,,,,,,,,,,,,,,,,,,,,,
254,1/19/2020,27,4,4,0,,,,,,,,,,,,,,,,,,,,,,,
231,1/19/2020,21,4,4,0,,,,,,,,,,,,,,,,,,,,,,,
260,1/19/2020,27,4,14,20,,,,,,,,,,,,,,,,,,,,,,,
175,1/19/2020,25,4,3,0,,,,,,,,,,,,,,,,,,,,,,,
225,1/19/2020,24,4,5,2,,,,,,,,,,,,,,,,,,,,,,,
174,1/19/2020,24,4,5,4,,,,,,,,,,,,,,,,,,,,,,,
261,1/19/2020,26,4,5,4,,,,,,,,,,,,,,,,,,,,,,,
173,1/19/2020,22,2,7,11,not hungry,,,,,,,,,,,,,,,,,,,,,,
224,1/19/2020,24,4,4,0,,,,,,,,,,,,,,,,,,,,,,,
233,1/19/2020,26,4,7,7,,,,,,,,,,,,,,,,,,,,,,,
172,1/19/2020,22,4,15,19,not hungry,,,,,,,,,,,,,,,,,,,,,,
193,1/24/2020,29,4,4,0,,,,,,,,,,,,,,,,,,,,,,,
194,1/24/2020,27,4,3,1,,,,,,,,,,,,,,,,,,,,,,,
211,1/24/2020,27,4,24,48,not hungry,,,,,,,,,,,,,,,,,,,,,,
210,1/24/2020,27,4,3,0,,,,,,,,,,,,,,,,,,,,,,,
282,1/24/2020,23,4,4,1,,,,,,,,,,,,,,,,,,,,,,,
196,1/24/2020,28,4,27,47,,,,,,,,,,,,,,,,,,,,,,,
225,1/24/2020,24,4,3,0,,,,,,,,,,,,,,,,,,,,,,,
233,1/24/2020,26,4,4,3,,,,,,,,,,,,,,,,,,,,,,,
254,1/24/2020,27,4,3,0,,,,,,,,,,,,,,,,,,,,,,,
261,1/24/2020,27,4,5,4,,,,,,,,,,,,,,,,,,,,,,,
260,1/24/2020,27,4,8,7,,,,,,,,,,,,,,,,,,,,,,,
284,1/24/2020,24,4,6,5,,,,,,,,,,,,,,,,,,,,,,,
207,1/24/2020,29,4,11,13,,,,,,,,,,,,,,,,,,,,,,,
99,1/24/2020,28,4,19,34,not hungry,,,,,,,,,,,,,,,,,,,,,,
172,1/24/2020,24,4,1,0,,,,,,,,,,,,,,,,,,,,,,,
203,1/24/2020,30,3,18,27,not hungry,,,,,,,,,,,,,,,,,,,,,,
173,1/24/2020,22,1,4,1,not hungry,,,,,,,,,,,,,,,,,,,,,,
202,1/24/2020,30,4,9,12,,,,,,,,,,,,,,,,,,,,,,,
174,1/24/2020,25,4,6,5,,,,,,,,,,,,,,,,,,,,,,,
175,1/24/2020,25,4,6,5,,,,,,,,,,,,,,,,,,,,,,,
231,1/24/2020,22,4,12,16,,,,,,,,,,,,,,,,,,,,,,,
131,1/24/2020,23,4,19,35,not hungry,,,,,,,,,,,,,,,,,,,,,,
285,1/24/2020,25,4,10,15,,,,,,,,,,,,,,,,,,,,,,,
255,1/24/2020,26,4,5,1,,,,,,,,,,,,,,,,,,,,,,,
190,1/24/2020,28,4,11,12,,,,,,,,,,,,,,,,,,,,,,,
171,1/24/2020,28,4,4,2,,,,,,,,,,,,,,,,,,,,,,,
224,1/24/2020,25,4,4,0,,,,,,,,,,,,,,,,,,,,,,,
71,1/24/2020,27,4,6,2,,,,,,,,,,,,,,,,,,,,,,,
286,1/24/2020,24,4,9,7,,,,,,,,,,,,,,,,,,,,,,,
170,1/24/2020,29,4,5,2,,,,,,,,,,,,,,,,,,,,,,,
193,1/25/2020,27,4,3,0,Quickly finishes G before hit record,,,,,,,,,,,,,,,,,,,,,,
282,1/25/2020,21,4,2,1,,,,,,,,,,,,,,,,,,,,,,,
203,1/25/2020,28,4,12,13,,,,,,,,,,,,,,,,,,,,,,,
207,1/25/2020,28,4,3,0,,,,,,,,,,,,,,,,,,,,,,,
194,1/25/2020,26,4,2,0,,,,,,,,,,,,,,,,,,,,,,,
284,1/25/2020,22,4,8,5,,,,,,,,,,,,,,,,,,,,,,,
202,1/25/2020,29,4,5,4,,,,,,,,,,,,,,,,,,,,,,,
196,1/25/2020,26,4,5,1,,,,,,,,,,,,,,,,,,,,,,,
211,1/25/2020,25,4,2,0,,,,,,,,,,,,,,,,,,,,,,,
131,1/25/2020,21,4,12,17,,,,,,,,,,,,,,,,,,,,,,,
286,1/25/2020,23,4,1,1,,,,,,,,,,,,,,,,,,,,,,,
210,1/25/2020,24,4,2,0,,,,,,,,,,,,,,,,,,,,,,,
285,1/25/2020,23,4,5,5,,,,,,,,,,,,,,,,,,,,,,,
190,1/25/2020,26,4,9,9,,,,,,,,,,,,,,,,,,,,,,,
99,1/25/2020,24,4,4,2,,,,,,,,,,,,,,,,,,,,,,,
71,1/25/2020,24,4,5,4,,,,,,,,,,,,,,,,,,,,,,,
233,1/26/2020,28,4,6,5,,,,,,,,,,,,,,,,,,,,,,,
260,1/26/2020,28,4,0,0,,,,,,,,,,,,,,,,,,,,,,,
261,1/26/2020,28,4,8,9,,,,,,,,,,,,,,,,,,,,,,,
255,1/26/2020,27,4,4,0,,,,,,,,,,,,,,,,,,,,,,,
254,1/26/2020,28,4,12,13,,,,,,,,,,,,,,,,,,,,,,,
170,1/26/2020,28,4,6,5,,,,,,,,,,,,,,,,,,,,,,,
225,1/26/2020,26,4,3,0,,,,,,,,,,,,,,,,,,,,,,,
231,1/26/2020,22,3,28,44,not hungry,,,,,,,,,,,,,,,,,,,,,,
175,1/26/2020,25,4,14,24,,,,,,,,,,,,,,,,,,,,,,,
174,1/26/2020,24,4,11,12,,,,,,,,,,,,,,,,,,,,,,,
224,1/26/2020,27,4,8,7,,,,,,,,,,,,,,,,,,,,,,,
172,1/26/2020,25,4,2,1,,,,,,,,,,,,,,,,,,,,,,,
171,1/26/2020,29,4,7,3,,,,,,,,,,,,,,,,,,,,,,,
173,1/26/2020,23,0,28,50,,,,,,,,,,,,,,,,,,,,,,,
261,1/31/2020,28,4,8,12,,,,,,,,,,,,,,,,,,,,,,,
193,1/31/2020,27,4,9,11,,,,,,,,,,,,,,,,,,,,,,,
231,1/31/2020,21,4,5,1,,,,,,,,,,,,,,,,,,,,,,,
286,1/31/2020,24,4,3,0,,,,,,,,,,,,,,,,,,,,,,,
190,1/31/2020,26,4,5,2,,,,,,,,,,,,,,,,,,,,,,,
210,1/31/2020,25,4,3,1,,,,,,,,,,,,,,,,,,,,,,,
255,1/31/2020,27,4,2,3,,,,,,,,,,,,,,,,,,,,,,,
171,1/31/2020,28,4,6,8,,,,,,,,,,,,,,,,,,,,,,,
207,1/31/2020,28,4,5,2,,,,,,,,,,,,,,,,,,,,,,,
203,1/31/2020,29,4,2,0,,,,,,,,,,,,,,,,,,,,,,,
172,1/31/2020,21,4,4,4,,,,,,,,,,,,,,,,,,,,,,,
174,1/31/2020,24,4,8,6,,,,,,,,,,,,,,,,,,,,,,,
202,1/31/2020,30,4,5,7,,,,,,,,,,,,,,,,,,,,,,,
224,1/31/2020,25,4,2,1,,,,,,,,,,,,,,,,,,,,,,,
173,1/31/2020,21,2,10,14,,,,,,,,,,,,,,,,,,,,,,,
131,1/31/2020,21,4,13,16,,,,,,,,,,,,,,,,,,,,,,,
175,1/31/2020,24,4,14,12,,,,,,,,,,,,,,,,,,,,,,,
99,1/31/2020,25,4,20,25,,,,,,,,,,,,,,,,,,,,,,,
260,1/31/2020,27,4,4,1,,,,,,,,,,,,,,,,,,,,,,,
254,1/31/2020,29,4,14,19,,,,,,,,,,,,,,,,,,,,,,,
71,1/31/2020,24,4,8,15,,,,,,,,,,,,,,,,,,,,,,,
170,1/31/2020,27,4,7,3,,,,,,,,,,,,,,,,,,,,,,,
196,1/31/2020,25,4,6,3,,,,,,,,,,,,,,,,,,,,,,,
284,1/31/2020,23,4,2,0,,,,,,,,,,,,,,,,,,,,,,,
211,1/31/2020,25,4,9,8,,,,,,,,,,,,,,,,,,,,,,,
225,1/31/2020,24,4,4,0,,,,,,,,,,,,,,,,,,,,,,,
285,1/31/2020,24,4,17,22,,,,,,,,,,,,,,,,,,,,,,,
194,1/31/2020,26,4,7,4,,,,,,,,,,,,,,,,,,,,,,,
282,1/31/2020,22,4,4,2,,,,,,,,,,,,,,,,,,,,,,,
233,1/31/2020,26,4,3,2,,,,,,,,,,,,,,,,,,,,,,,
131,2/1/2020,20,4,8,12,FABG,,,,,,,,,,,,,,,,,,,,,,
285,2/1/2020,22,4,7,9,ACDF,,,,,,,,,,,,,,,,,,,,,,
193,2/1/2020,25,4,3,0,CBGE,,,,,,,,,,,,,,,,,,,,,,
282,2/1/2020,21,4,12,12,DCAF,,,,,,,,,,,,,,,,,,,,,,
194,2/1/2020,24,4,18,25,CEBG,,,,,,,,,,,,,,,,,,,,,,
196,2/1/2020,24,4,3,0,BCEG,,,,,,,,,,,,,,,,,,,,,,
203,2/1/2020,27,4,5,3,BGAF,,,,,,,,,,,,,,,,,,,,,,
284,2/1/2020,21,4,6,5,DCAF,,,,,,,,,,,,,,,,,,,,,,
202,2/1/2020,27,4,5,3,AFGB,,,,,,,,,,,,,,,,,,,,,,
99,2/1/2020,23,4,6,3,BAFG,,,,,,,,,,,,,,,,,,,,,,
286,2/1/2020,22,4,4,1,AFCD,,,,,,,,,,,,,,,,,,,,,,
190,2/1/2020,24,4,3,1,GECB,,,,,,,,,,,,,,,,,,,,,,
210,2/1/2020,24,4,4,4,BFAG,,,,,,,,,,,,,,,,,,,,,,
71,2/1/2020,22,4,6,5,FABG,,,,,,,,,,,,,,,,,,,,,,
207,2/1/2020,24,4,4,2,EBCG,,,,,,,,,,,,,,,,,,,,,,
211,2/1/2020,24,4,6,3,GFBA,,,,,,,,,,,,,,,,,,,,,,
260,2/2/2020,27,4,11,11,FBHD,,,,,,,,,,,,,,,,,,,,,,
231,2/2/2020,22,4,5,5,EGCB,,,,,,,,,,,,,,,,,,,,,,
172,2/2/2020,24,4,7,8,BCEG,,,,,,,,,,,,,,,,,,,,,,
173,2/2/2020,22,2,8,11,CGoo,,,,,,,,,,,,,,,,,,,,,,
255,2/2/2020,27,4,3,0,BDFH,,,,,,,,,,,,,,,,,,,,,,
175,2/2/2020,23,4,21,38,BGEC,,,,,,,,,,,,,,,,,,,,,,
233,2/2/2020,26,4,5,3,AFGB,,,,,,,,,,,,,,,,,,,,,,
171,2/2/2020,26,4,5,4,AFBG,,,,,,,,,,,,,,,,,,,,,,
254,2/2/2020,28,4,6,3,BDFH,,,,,,,,,,,,,,,,,,,,,,
225,2/2/2020,23,4,3,0,ABFG,,,,,,,,,,,,,,,,,,,,,,
261,2/2/2020,27,4,9,10,BFDH,,,,,,,,,,,,,,,,,,,,,,
174,2/2/2020,22,4,1,0,EBGC,,,,,,,,,,,,,,,,,,,,,,
224,2/2/2020,25,4,2,0,BAGF,,,,,,,,,,,,,,,,,,,,,,
175,2/7/2020,24,4,5,2,CGEB,,,,,,,,,,,,,,,,,,,,,,
170,2/7/2020,24,4,10,11,AGFB,,,,,,,,,,,,,,,,,,,,,,
224,2/7/2020,23,4,3,0,BAGF,,,,,,,,,,,,,,,,,,,,,,
203,2/7/2020,25,4,6,4,GBFA,,,,,,,,,,,,,,,,,,,,,,
173,2/7/2020,20,4,3,0,CEGB,,,,,,,,,,,,,,,,,,,,,,
202,2/7/2020,26,4,2,0,AGFB,,,,,,,,,,,,,,,,,,,,,,
193,2/7/2020,25,4,3,0,ECBG,,,,,,,,,,,,,,,,,,,,,,
207,2/7/2020,26,4,4,0,BCEG,,,,,,,,,,,,,,,,,,,,,,
284,2/7/2020,21,4,3,0,ACDF,,,,,,,,,,,,,,,,,,,,,,
254,2/7/2020,23,4,6,4,DHFB,,,,,,,,,,,,,,,,,,,,,,
225,2/7/2020,22,4,4,0,BFGA,,,,,,,,,,,,,,,,,,,,,,
174,2/7/2020,23,4,9,8,CEGB,,,,,,,,,,,,,,,,,,,,,,
260,2/7/2020,23,4,6,6,BHDF,,,,,,,,,,,,,,,,,,,,,,
71,2/7/2020,24,4,7,6,AGBF,,,,,,,,,,,,,,,,,,,,,,
210,2/7/2020,24,4,6,6,FGAB,,,,,,,,,,,,,,,,,,,,,,
194,2/7/2020,24,4,3,1,CBEG,,,,,,,,,,,,,,,,,,,,,,
131,2/7/2020,21,4,4,2,BFAG,,,,,,,,,,,,,,,,,,,,,,
261,2/7/2020,24,4,17,17,HFBD,,,,,,,,,,,,,,,,,,,,,,
231,2/7/2020,20,4,3,0,GBCE,,,,,,,,,,,,,,,,,,,,,,
196,2/7/2020,24,4,5,1,BCEG,,,,,,,,,,,,,,,,,,,,,,
171,2/7/2020,25,4,2,0,AGFB,,,,,,,,,,,,,,,,,,,,,,
190,2/7/2020,24,4,3,1,BEGC,,,,,,,,,,,,,,,,,,,,,,
286,2/7/2020,23,4,7,9,CDAF,,,,,,,,,,,,,,,,,,,,,,
233,2/7/2020,23,4,6,5,BGFA,,,,,,,,,,,,,,,,,,,,,,
285,2/7/2020,21,4,2,3,ACDF,,,,,,,,,,,,,,,,,,,,,,
172,2/7/2020,21,4,6,7,EGBC,,,,,,,,,,,,,,,,,,,,,,
282,2/7/2020,21,4,4,0,CDFA,,,,,,,,,,,,,,,,,,,,,,
255,2/7/2020,23,4,2,0,DHFB,,,,,,,,,,,,,,,,,,,,,,
99,2/7/2020,23,4,2,0,FBAG,,,,,,,,,,,,,,,,,,,,,,
211,2/7/2020,24,4,6,5,FABG,,,,,,,,,,,,,,,,,,,,,,
259,2/8/2020,28,0,34,48,,,,,,,,,,,,,,,,,,,,,,,
178,2/8/2020,31,4,14,25,,,,,,,,,,,,,,,,,,,,,,,
184,2/8/2020,22,1,17,32,,,,,,,,,,,,,,,,,,,,,,,
181,2/8/2020,22,0,31,51,,,,,,,,,,,,,,,,,,,,,,,
182,2/8/2020,24,0,24,46,,,,,,,,,,,,,,,,,,,,,,,
236,2/8/2020,23,1,7,12,,,,,,,,,,,,,,,,,,,,,,,
99,2/8/2020,22,4,7,10,FBGA,,,,,,,,,,,,,,,,,,,,,,
202,2/8/2020,24,4,5,4,FBAG,,,,,,,,,,,,,,,,,,,,,,
193,2/8/2020,23,4,3,0,CBGE,,,,,,,,,,,,,,,,,,,,,,
177,2/8/2020,30,4,28,42,,,,,,,,,,,,,,,,,,,,,,,
207,2/8/2020,24,4,13,17,GBEC,,,,,,,,,,,,,,,,,,,,,,
211,2/8/2020,23,4,1,0,BFGA,,,,,,,,,,,,,,,,,,,,,,
210,2/8/2020,23,4,3,0,BAGF,,,,,,,,,,,,,,,,,,,,,,
264,2/8/2020,28,0,29,38,,,,,,,,,,,,,,,,,,,,,,,
194,2/8/2020,22,4,2,0,,,,,,,,,,,,,,,,,,,,,,,
196,2/8/2020,24,4,5,4,GBEC,,,,,,,,,,,,,,,,,,,,,,
228,2/8/2020,23,1,21,38,,,,,,,,,,,,,,,,,,,,,,,
230,2/8/2020,21,2,47,72,,,,,,,,,,,,,,,,,,,,,,,
131,2/8/2020,20,4,3,0,ABFG,,,,,,,,,,,,,,,,,,,,,,
282,2/8/2020,19,4,10,7,DAFC,,,,,,,,,,,,,,,,,,,,,,
286,2/8/2020,21,4,11,15,CAFD,,,,,,,,,,,,,,,,,,,,,,
284,2/8/2020,20,4,4,2,ACDF,,,,,,,,,,,,,,,,,,,,,,
203,2/8/2020,24,4,11,11,FAGB,,,,,,,,,,,,,,,,,,,,,,
285,2/8/2020,21,4,6,4,CADF,,,,,,,,,,,,,,,,,,,,,,
71,2/8/2020,23,4,4,0,BFGA,,,,,,,,,,,,,,,,,,,,,,
190,2/8/2020,23,4,1,0,BCEG,,,,,,,,,,,,,,,,,,,,,,
184,2/9/2020,22,3,13,14,,,,,,,,,,,,,,,,,,,,,,,
259,2/9/2020,28,1,16,21,,,,,,,,,,,,,,,,,,,,,,,
182,2/9/2020,23,3,37,77,,,,,,,,,,,,,,,,,,,,,,,
178,2/9/2020,32,0,15,21,,,,,,,,,,,,,,,,,,,,,,,
181,2/9/2020,26,1,21,28,,,,,,,,,,,,,,,,,,,,,,,
236,2/9/2020,25,1,15,32,,,,,,,,,,,,,,,,,,,,,,,
177,2/9/2020,30,0,17,26,,,,,,,,,,,,,,,,,,,,,,,
231,2/9/2020,20,4,4,2,BCEG,,,,,,,,,,,,,,,,,,,,,,
233,2/9/2020,20,4,5,3,AFBG,,,,,,,,,,,,,,,,,,,,,,
172,2/9/2020,21,4,1,0,BEGC,,,,,,,,,,,,,,,,,,,,,,
228,2/9/2020,26,4,14,26,HDFB,,,,,,,,,,,,,,,,,,,,,,
232,2/9/2020,23,4,9,15,HFBD,,,,,,,,,,,,,,,,,,,,,,
230,2/9/2020,23,3,38,68,HFBD,,,,,,,,,,,,,,,,,,,,,,
261,2/9/2020,23,4,3,1,BHFD,,,,,,,,,,,,,,,,,,,,,,
260,2/9/2020,24,4,1,0,HBDF,,,,,,,,,,,,,,,,,,,,,,
171,2/9/2020,21,4,8,6,BAGF,,,,,,,,,,,,,,,,,,,,,,
224,2/9/2020,20,4,4,0,BAGF,,,,,,,,,,,,,,,,,,,,,,
174,2/9/2020,22,4,1,0,GBEC,,,,,,,,,,,,,,,,,,,,,,
264,2/9/2020,24,1,17,22,,,,,,,,,,,,,,,,,,,,,,,
254,2/9/2020,24,4,4,1,BDFH,,,,,,,,,,,,,,,,,,,,,,
170,2/9/2020,20,4,3,1,FGAB,,,,,,,,,,,,,,,,,,,,,,
225,2/9/2020,19,4,3,0,ABFG,,,,,,,,,,,,,,,,,,,,,,
175,2/9/2020,23,4,1,0,CEBG,,,,,,,,,,,,,,,,,,,,,,
255,2/9/2020,24,4,4,2,DHBF,,,,,,,,,,,,,,,,,,,,,,
173,2/9/2020,20,4,7,3,GEBC,,,,,,,,,,,,,,,,,,,,,,
282,2/15/2020,20,4,4,1,ACDF,,,,,,,,,,,,,,,,,,,,,,
202,2/15/2020,24,4,3,0,BGAF,,,,,,,,,,,,,,,,,,,,,,
181,2/15/2020,22,4,10,10,DFHB,,,,,,,,,,,,,,,,,,,,,,
285,2/15/2020,21,4,1,1,DCAF,,,,,,,,,,,,,,,,,,,,,,
71,2/15/2020,21,4,5,3,BAFG,,,,,,,,,,,,,,,,,,,,,,
232,2/15/2020,17,4,2,2,BDFH,,,,,,,,,,,,,,,,,,,,,,
99,2/15/2020,21,4,2,0,FGAB,,,,,,,,,,,,,,,,,,,,,,
230,2/15/2020,21,4,7,7,DFHB,,,,,,,,,,,,,,,,,,,,,,
210,2/15/2020,20,4,3,0,GFBA,,,,,,,,,,,,,,,,,,,,,,
193,2/15/2020,23,4,4,0,GECB,,,,,,,,,,,,,,,,,,,,,,
211,2/15/2020,21,4,4,2,AGFB,,,,,,,,,,,,,,,,,,,,,,
264,2/15/2020,21,4,7,7,DFHB,,,,,,,,,,,,,,,,,,,,,,
194,2/15/2020,21,4,2,0,BCEG,,,,,,,,,,,,,,,,,,,,,,
207,2/15/2020,23,4,5,1,BCEG,,,,,,,,,,,,,,,,,,,,,,
203,2/15/2020,24,4,4,3,BGAF,,,,,,,,,,,,,,,,,,,,,,
184,2/15/2020,19,4,9,12,ADFC,,,,,,,,,,,,,,,,,,,,,,
131,2/15/2020,18,4,7,5,AFBG,,,,,,,,,,,,,,,,,,,,,,
259,2/15/2020,21,4,8,7,BGAF,,,,,,,,,,,,,,,,,,,,,,
178,2/15/2020,26,4,9,12,CAFD,,,,,,,,,,,,,,,,,,,,,,
228,2/15/2020,24,4,19,26,FHBD,,,,,,,,,,,,,,,,,,,,,,
177,2/15/2020,26,4,2,2,DAFC,,,,,,,,,,,,,,,,,,,,,,
190,2/15/2020,19,4,2,1,CEGB,,,,,,,,,,,,,,,,,,,,,,
182,2/15/2020,19,4,2,2,FHDB,,,,,,,,,,,,,,,,,,,,,,
286,2/15/2020,20,4,8,7,ADCF,,,,,,,,,,,,,,,,,,,,,,
196,2/15/2020,21,4,5,2,BCEG,,,,,,,,,,,,,,,,,,,,,,
174,2/16/2020,21,4,13,17,BGEC,,,,,,,,,,,,,,,,,,,,,,
228,2/16/2020,22,4,3,5,DBHF,,,,,,,,,,,,,,,,,,,,,,
255,2/16/2020,21,4,6,3,DFHB,,,,,,,,,,,,,,,,,,,,,,
230,2/16/2020,21,4,3,5,BFDH,,,,,,,,,,,,,,,,,,,,,,
182,2/16/2020,20,4,10,8,BDHF,,,,,,,,,,,,,,,,,,,,,,
173,2/16/2020,18,4,4,0,CEGB,,,,,,,,,,,,,,,,,,,,,,
261,2/16/2020,21,4,1,3,BHDF,,,,,,,,,,,,,,,,,,,,,,
232,2/16/2020,21,4,8,6,DHFB,,,,,,,,,,,,,,,,,,,,,,
178,2/16/2020,27,4,12,19,ACDF,,,,,,,,,,,,,,,,,,,,,,
172,2/16/2020,20,4,2,1,CGEB,,,,,,,,,,,,,,,,,,,,,,
224,2/16/2020,21,4,4,0,GFBA,,,,,,,,,,,,,,,,,,,,,,
260,2/16/2020,22,4,3,2,BFHD,,,,,,,,,,,,,,,,,,,,,,
259,2/16/2020,21,4,1,2,FGAB,,,,,,,,,,,,,,,,,,,,,,
264,2/16/2020,26,4,5,2,ABFG,,,,,,,,,,,,,,,,,,,,,,
184,2/16/2020,18,4,8,8,FHDB,,,,,,,,,,,,,,,,,,,,,,
233,2/16/2020,22,4,14,18,ABFG,,,,,,,,,,,,,,,,,,,,,,
175,2/16/2020,21,4,7,5,EGCB,,,,,,,,,,,,,,,,,,,,,,
254,2/16/2020,21,4,3,0,DFHB,,,,,,,,,,,,,,,,,,,,,,
225,2/16/2020,20,4,4,0,ABFG,,,,,,,,,,,,,,,,,,,,,,
231,2/16/2020,19,4,5,5,CGBE,,,,,,,,,,,,,,,,,,,,,,
170,2/16/2020,23,4,7,6,BAGF,,,,,,,,,,,,,,,,,,,,,,
181,2/16/2020,22,4,4,2,BDHF,,,,,,,,,,,,,,,,,,,,,,
236,2/16/2020,18,4,1,0,FHDB,,,,,,,,,,,,,,,,,,,,,,
171,2/16/2020,21,4,6,5,GAFB,,,,,,,,,,,,,,,,,,,,,,
177,2/16/2020,26,4,5,2,FCAD,,,,,,,,,,,,,,,,,,,,,,
196,2/22/2020,19,4,5,4,,,,,,,,,,,,,,,,,,,,,,,
282,2/22/2020,19,4,5,2,DAFC,,,,,,,,,,,,,,,,,,,,,,
71,2/22/2020,20,4,6,6,AFGB,,,,,,,,,,,,,,,,,,,,,,
131,2/22/2020,17,4,4,0,BFGA,,,,,,,,,,,,,,,,,,,,,,
207,2/22/2020,21,4,4,1,GBCE,,,,,,,,,,,,,,,,,,,,,,
194,2/22/2020,21,4,5,3,,,,,,,,,,,,,,,,,,,,,,,
177,2/22/2020,26,4,4,1,,,,,,,,,,,,,,,,,,,,,,,
228,2/22/2020,21,4,1,3,,,,,,,,,,,,,,,,,,,,,,,
211,2/22/2020,21,4,4,0,BFGA,,,,,,,,,,,,,,,,,,,,,,
284,2/22/2020,19,4,8,9,,,,,,,,,,,,,,,,,,,,,,,
210,2/22/2020,19,4,4,1,FBAG,,,,,,,,,,,,,,,,,,,,,,
178,2/22/2020,27,4,5,7,DAFC,,,,,,,,,,,,,,,,,,,,,,
193,2/22/2020,19,4,7,6,,,,,,,,,,,,,,,,,,,,,,,
181,2/22/2020,21,4,2,0,FHBD,,,,,,,,,,,,,,,,,,,,,,
184,2/22/2020,19,4,1,1,,,,,,,,,,,,,,,,,,,,,,,
202,2/22/2020,23,4,2,0,FGAB,,,,,,,,,,,,,,,,,,,,,,
99,2/22/2020,20,4,2,0,,,,,,,,,,,,,,,,,,,,,,,
182,2/22/2020,21,4,15,23,HD,,,,,,,,,,,,,,,,,,,,,,
232,2/22/2020,20,4,7,10,,,,,,,,,,,,,,,,,,,,,,,
236,2/22/2020,22,4,3,3,BDFH,,,,,,,,,,,,,,,,,,,,,,
190,2/22/2020,19,4,5,1,GBCE,,,,,,,,,,,,,,,,,,,,,,
285,2/22/2020,21,4,4,2,ACDF,,,,,,,,,,,,,,,,,,,,,,
230,2/22/2020,19,4,13,11,HDFB,,,,,,,,,,,,,,,,,,,,,,
286,2/22/2020,20,4,4,1,,,,,,,,,,,,,,,,,,,,,,,
203,2/22/2020,23,4,3,5,AFBG,,,,,,,,,,,,,,,,,,,,,,
172,2/23/2020,20,4,4,2,,,,,,,,,,,,,,,,,,,,,,,
236,2/23/2020,23,4,1,1,DBHF,,,,,,,,,,,,,,,,,,,,,,
182,2/23/2020,21,4,9,10,DFHB,,,,,,,,,,,,,,,,,,,,,,
175,2/23/2020,22,4,7,3,CEBG,,,,,,,,,,,,,,,,,,,,,,
177,2/23/2020,28,4,6,4,DCAF,,,,,,,,,,,,,,,,,,,,,,
224,2/23/2020,21,4,1,0,,,,,,,,,,,,,,,,,,,,,,,
171,2/23/2020,22,4,1,0,,,,,,,,,,,,,,,,,,,,,,,
233,2/23/2020,22,4,5,2,,,,,,,,,,,,,,,,,,,,,,,
225,2/23/2020,20,4,4,0,,,,,,,,,,,,,,,,,,,,,,,
254,2/23/2020,22,4,5,1,HBDF,,,,,,,,,,,,,,,,,,,,,,
170,2/23/2020,22,4,4,1,,,,,,,,,,,,,,,,,,,,,,,
255,2/23/2020,21,4,3,0,,,,,,,,,,,,,,,,,,,,,,,
173,2/23/2020,20,4,2,0,,,,,,,,,,,,,,,,,,,,,,,
231,2/23/2020,20,4,4,1,,,,,,,,,,,,,,,,,,,,,,,
232,2/23/2020,20,4,6,8,BDFH,,,,,,,,,,,,,,,,,,,,,,
228,2/23/2020,21,4,6,4,BFDH,,,,,,,,,,,,,,,,,,,,,,
178,2/23/2020,28,4,6,3,,,,,,,,,,,,,,,,,,,,,,,
261,2/23/2020,22,4,12,11,,,,,,,,,,,,,,,,,,,,,,,
174,2/23/2020,21,4,5,3,GBEC,,,,,,,,,,,,,,,,,,,,,,
230,2/23/2020,19,4,15,15,BHFD,,,,,,,,,,,,,,,,,,,,,,
184,2/23/2020,18,4,1,3,BDHF,,,,,,,,,,,,,,,,,,,,,,
181,2/23/2020,22,4,9,9,,,,,,,,,,,,,,,,,,,,,,,
259,2/23/2020,22,3,11,13,,,,,,,,,,,,,,,,,,,,,,,
260,2/23/2020,22,4,19,19,,,,,,,,,,,,,,,,,,,,,,,
286,2/29/2020,25,4,3,1,,,,,,,,,,,,,,,,,,,,,,,
284,2/29/2020,24,4,4,2,,,,,,,,,,,,,,,,,,,,,,,
285,2/29/2020,24,4,4,2,,,,,,,,,,,,,,,,,,,,,,,
207,2/29/2020,30,4,3,3,,,,,,,,,,,,,,,,,,,,,,,
190,2/29/2020,24,4,6,2,,,,,,,,,,,,,,,,,,,,,,,
232,2/29/2020,22,4,7,11,,,,,,,,,,,,,,,,,,,,,,,
71,2/29/2020,25,4,1,0,,,,,,,,,,,,,,,,,,,,,,,
196,2/29/2020,28,4,15,23,,,,,,,,,,,,,,,,,,,,,,,
202,2/29/2020,30,4,9,10,,,,,,,,,,,,,,,,,,,,,,,
236,2/29/2020,20,4,5,3,,,,,,,,,,,,,,,,,,,,,,,
184,2/29/2020,21,4,8,8,,,,,,,,,,,,,,,,,,,,,,,
230,2/29/2020,21,4,3,2,,,,,,,,,,,,,,,,,,,,,,,
203,2/29/2020,25,4,6,8,,,,,,,,,,,,,,,,,,,,,,,
181,2/29/2020,24,4,4,3,,,,,,,,,,,,,,,,,,,,,,,
182,2/29/2020,23,4,7,10,,,,,,,,,,,,,,,,,,,,,,,
282,2/29/2020,22,4,6,9,,,,,,,,,,,,,,,,,,,,,,,
259,2/29/2020,24,4,5,2,,,,,,,,,,,,,,,,,,,,,,,
99,2/29/2020,24,4,9,9,,,,,,,,,,,,,,,,,,,,,,,
178,2/29/2020,28,4,5,4,,,,,,,,,,,,,,,,,,,,,,,
210,2/29/2020,24,4,5,4,,,,,,,,,,,,,,,,,,,,,,,
177,2/29/2020,29,4,9,11,,,,,,,,,,,,,,,,,,,,,,,
228,2/29/2020,22,4,9,8,,,,,,,,,,,,,,,,,,,,,,,
131,2/29/2020,21,4,3,2,,,,,,,,,,,,,,,,,,,,,,,
211,2/29/2020,24,4,6,2,GABF,,,,,,,,,,,,,,,,,,,,,,
231,3/1/2020,21,4,4,4,,,,,,,,,,,,,,,,,,,,,,,
224,3/1/2020,22,4,4,0,,,,,,,,,,,,,,,,,,,,,,,
236,3/1/2020,25,1,17,20,,,,,,,,,,,,,,,,,,,,,,,
182,3/1/2020,23,4,2,0,,,,,,,,,,,,,,,,,,,,,,,
184,3/1/2020,21,4,8,8,,,,,,,,,,,,,,,,,,,,,,,
171,3/1/2020,23,4,4,1,,,,,,,,,,,,,,,,,,,,,,,
228,3/1/2020,23,4,8,19,,,,,,,,,,,,,,,,,,,,,,,
178,3/1/2020,27,4,3,1,,,,,,,,,,,,,,,,,,,,,,,
259,3/1/2020,24,4,4,4,,,,,,,,,,,,,,,,,,,,,,,
225,3/1/2020,21,4,4,0,,,,,,,,,,,,,,,,,,,,,,,
175,3/1/2020,23,4,10,7,,,,,,,,,,,,,,,,,,,,,,,
177,3/1/2020,28,4,8,10,,,,,,,,,,,,,,,,,,,,,,,
230,3/1/2020,22,4,3,2,,,,,,,,,,,,,,,,,,,,,,,
170,3/1/2020,23,4,6,2,,,,,,,,,,,,,,,,,,,,,,,
233,3/1/2020,22,4,4,2,,,,,,,,,,,,,,,,,,,,,,,
174,3/1/2020,23,4,3,0,,,,,,,,,,,,,,,,,,,,,,,
173,3/1/2020,21,4,7,6,,,,,,,,,,,,,,,,,,,,,,,
254,3/1/2020,25,4,5,2,,,,,,,,,,,,,,,,,,,,,,,
255,3/1/2020,23,4,2,0,,,,,,,,,,,,,,,,,,,,,,,
181,3/1/2020,24,4,5,3,,,,,,,,,,,,,,,,,,,,,,,
260,3/1/2020,25,4,0,0,,,,,,,,,,,,,,,,,,,,,,,
172,3/1/2020,23,4,4,2,,,,,,,,,,,,,,,,,,,,,,,
232,3/1/2020,22,4,3,1,,,,,,,,,,,,,,,,,,,,,,,
224,3/2/2020,27,4,4,0,,,,,,,,,,,,,,,,,,,,,,,
233,3/2/2020,28,4,8,8,,,,,,,,,,,,,,,,,,,,,,,
284,3/2/2020,23,4,4,3,,,,,,,,,,,,,,,,,,,,,,,
231,3/2/2020,22,4,3,0,,,,,,,,,,,,,,,,,,,,,,,
175,3/2/2020,25,4,16,21,,,,,,,,,,,,,,,,,,,,,,,
173,3/2/2020,22,4,10,8,,,,,,,,,,,,,,,,,,,,,,,
171,3/2/2020,29,4,5,3,,,,,,,,,,,,,,,,,,,,,,,
225,3/2/2020,26,4,4,0,,,,,,,,,,,,,,,,,,,,,,,
285,3/2/2020,21,2,8,10,,,,,,,,,,,,,,,,,,,,,,,
170,3/2/2020,29,4,4,0,,,,,,,,,,,,,,,,,,,,,,,
286,3/2/2020,25,1,5,2,,,,,,,,,,,,,,,,,,,,,,,
172,3/2/2020,22,3,19,37,,,,,,,,,,,,,,,,,,,,,,,
282,3/2/2020,23,4,22,32,,,,,,,,,,,,,,,,,,,,,,,
224,3/6/2020,26,4,2,0,,,,,,,,,,,,,,,,,,,,,,,
170,3/6/2020,27,4,3,0,,,,,,,,,,,,,,,,,,,,,,,
233,3/6/2020,27,4,9,9,,,,,,,,,,,,,,,,,,,,,,,
171,3/6/2020,29,4,25,34,"Saw bait but didn't take for a while, wasn't very hungry",,,,,,,,,,,,,,,,,,,,,,
173,3/6/2020,21,3,11,15,,,,,,,,,,,,,,,,,,,,,,,
175,3/6/2020,24,4,4,1,"Poor video acquisition because drive was becoming too full, manually counted the errors, automated tracking was unsuccessful",,,,,,,,,,,,,,,,,,,,,,
231,3/6/2020,21,4,3,0,,,,,,,,,,,,,,,,,,,,,,,
172,3/6/2020,21,4,32,59,"Is finding the baits but not eating them, wasn't hungry enough",,,,,,,,,,,,,,,,,,,,,,
225,3/6/2020,26,4,2,0,,,,,,,,,,,,,,,,,,,,,,,
174,3/6/2020,24,4,6,3,,,,,,,,,,,,,,,,,,,,,,,
203,3/7/2020,27,4,6,6,,,,,,,,,,,,,,,,,,,,,,,
202,3/7/2020,29,4,4,5,,,,,,,,,,,,,,,,,,,,,,,
182,3/7/2020,23,2,4,4,,,,,,,,,,,,,,,,,,,,,,,
259,3/7/2020,24,4,8,8,,,,,,,,,,,,,,,,,,,,,,,
184,3/7/2020,22,4,5,4,,,,,,,,,,,,,,,,,,,,,,,
178,3/7/2020,27,4,6,6,,,,,,,,,,,,,,,,,,,,,,,
99,3/7/2020,25,4,4,1,,,,,,,,,,,,,,,,,,,,,,,
228,3/7/2020,23,4,11,15,,,,,,,,,,,,,,,,,,,,,,,
177,3/7/2020,28,4,7,5,,,,,,,,,,,,,,,,,,,,,,,
230,3/7/2020,23,4,14,15,,,,,,,,,,,,,,,,,,,,,,,
196,3/7/2020,27,4,4,1,,,,,,,,,,,,,,,,,,,,,,,
181,3/7/2020,20,4,15,24,,,,,,,,,,,,,,,,,,,,,,,
236,3/7/2020,24,4,2,1,,,,,,,,,,,,,,,,,,,,,,,
71,3/7/2020,25,4,12,12,,,,,,,,,,,,,,,,,,,,,,,
207,3/7/2020,29,4,4,2,,,,,,,,,,,,,,,,,,,,,,,
211,3/7/2020,26,4,7,6,,,,,,,,,,,,,,,,,,,,,,,
284,3/7/2020,22,4,3,0,,,,,,,,,,,,,,,,,,,,,,,
232,3/7/2020,22,4,1,0,,,,,,,,,,,,,,,,,,,,,,,
282,3/7/2020,21,4,2,0,,,,,,,,,,,,,,,,,,,,,,,
285,3/7/2020,24,4,6,5,,,,,,,,,,,,,,,,,,,,,,,
286,3/7/2020,24,4,6,6,,,,,,,,,,,,,,,,,,,,,,,
190,3/7/2020,28,4,6,7,,,,,,,,,,,,,,,,,,,,,,,
131,3/7/2020,22,4,18,25,,,,,,,,,,,,,,,,,,,,,,,
210,3/7/2020,24,4,3,3,,,,,,,,,,,,,,,,,,,,,,,
171,3/8/2020,28,4,6,5,,,,,,,,,,,,,,,,,,,,,,,
231,3/8/2020,22,4,3,0,,,,,,,,,,,,,,,,,,,,,,,
230,3/8/2020,22,4,5,2,,,,,,,,,,,,,,,,,,,,,,,
173,3/8/2020,21,4,3,2,,,,,,,,,,,,,,,,,,,,,,,
177,3/8/2020,29,3,16,26,,,,,,,,,,,,,,,,,,,,,,,
225,3/8/2020,25,4,1,0,,,,,,,,,,,,,,,,,,,,,,,
178,3/8/2020,28,4,2,0,,,,,,,,,,,,,,,,,,,,,,,
175,3/8/2020,24,4,1,1,,,,,,,,,,,,,,,,,,,,,,,
228,3/8/2020,24,4,9,10,,,,,,,,,,,,,,,,,,,,,,,
170,3/8/2020,27,4,0,0,,,,,,,,,,,,,,,,,,,,,,,
181,3/8/2020,24,3,9,13,,,,,,,,,,,,,,,,,,,,,,,
259,3/8/2020,24,2,10,8,,,,,,,,,,,,,,,,,,,,,,,
261,3/8/2020,28,4,6,3,,,,,,,,,,,,,,,,,,,,,,,
184,3/8/2020,19,4,13,13,,,,,,,,,,,,,,,,,,,,,,,
224,3/8/2020,25,4,4,1,,,,,,,,,,,,,,,,,,,,,,,
182,3/8/2020,24,1,15,22,,,,,,,,,,,,,,,,,,,,,,,
260,3/8/2020,28,4,15,15,,,,,,,,,,,,,,,,,,,,,,,
236,3/8/2020,23,4,15,17,,,,,,,,,,,,,,,,,,,,,,,
255,3/8/2020,28,4,12,18,,,,,,,,,,,,,,,,,,,,,,,
232,3/8/2020,23,4,6,6,,,,,,,,,,,,,,,,,,,,,,,
254,3/8/2020,28,4,1,2,,,,,,,,,,,,,,,,,,,,,,,
233,3/8/2020,27,4,2,0,,,,,,,,,,,,,,,,,,,,,,,
172,3/8/2020,21,4,6,8,,,,,,,,,,,,,,,,,,,,,,,
174,3/8/2020,25,4,6,4,,,,,,,,,,,,,,,,,,,,,,,
71,3/14/2020,26,4,4,3,,,,,,,,,,,,,,,,,,,,,,,
196,3/14/2020,28,4,3,0,,,,,,,,,,,,,,,,,,,,,,,
177,3/14/2020,30,4,10,13,,,,,,,,,,,,,,,,,,,,,,,
190,3/14/2020,29,4,4,5,,,,,,,,,,,,,,,,,,,,,,,
286,3/14/2020,25,4,3,0,,,,,,,,,,,,,,,,,,,,,,,
285,3/14/2020,25,4,10,7,,,,,,,,,,,,,,,,,,,,,,,
207,3/14/2020,30,4,5,2,,,,,,,,,,,,,,,,,,,,,,,
284,3/14/2020,24,4,5,6,,,,,,,,,,,,,,,,,,,,,,,
282,3/14/2020,23,4,3,1,,,,,,,,,,,,,,,,,,,,,,,
211,3/14/2020,26,4,6,9,,,,,,,,,,,,,,,,,,,,,,,
210,3/14/2020,26,4,7,6,,,,,,,,,,,,,,,,,,,,,,,
230,3/14/2020,23,4,2,1,,,,,,,,,,,,,,,,,,,,,,,
131,3/14/2020,22,4,5,3,,,,,,,,,,,,,,,,,,,,,,,
99,3/14/2020,26,4,3,0,,,,,,,,,,,,,,,,,,,,,,,
203,3/14/2020,29,4,8,10,,,,,,,,,,,,,,,,,,,,,,,
202,3/14/2020,30,4,4,2,,,,,,,,,,,,,,,,,,,,,,,
182,3/14/2020,24,4,11,10,,,,,,,,,,,,,,,,,,,,,,,
236,3/14/2020,24,4,10,8,,,,,,,,,,,,,,,,,,,,,,,
184,3/14/2020,21,4,6,5,,,,,,,,,,,,,,,,,,,,,,,
228,3/14/2020,24,4,6,4,,,,,,,,,,,,,,,,,,,,,,,
178,3/14/2020,29,4,4,2,,,,,,,,,,,,,,,,,,,,,,,
181,3/14/2020,25,4,6,6,,,,,,,,,,,,,,,,,,,,,,,
259,3/14/2020,27,1,18,26,,,,,,,,,,,,,,,,,,,,,,,
